split,speaker,filename,attack,label,filepath
train,LA_0091,LA_T_1136756,A05,spoof,/Users/raunitchatterjee/Desktop/Datasets/ASVspoof2019/LA/LA/ASVspoof2019_LA_train/flac/LA_T_1136756.flac
train,LA_0079,LA_T_9760660,A01,spoof,/Users/raunitchatterjee/Desktop/Datasets/ASVspoof2019/LA/LA/ASVspoof2019_LA_train/flac/LA_T_9760660.flac
train,LA_0093,LA_T_6436847,A01,spoof,/Users/raunitchatterjee/Desktop/Datasets/ASVspoof2019/LA/LA/ASVspoof2019_LA_train/flac/LA_T_6436847.flac
train,LA_0090,LA_T_5265433,A03,spoof,/Users/raunitchatterjee/Desktop/Datasets/ASVspoof2019/LA/LA/ASVspoof2019_LA_train/flac/LA_T_5265433.flac
train,LA_0083,LA_T_3812587,A05,spoof,/Users/raunitchatterjee/Desktop/Datasets/ASVspoof2019/LA/LA/ASVspoof2019_LA_train/flac/LA_T_3812587.flac
train,LA_0095,LA_T_6010560,A06,spoof,/Users/raunitchatterjee/Desktop/Datasets/ASVspoof2019/LA/LA/ASVspoof2019_LA_train/flac/LA_T_6010560.flac
train,LA_0087,LA_T_5019321,A05,spoof,/Users/raunitchatterjee/Desktop/Datasets/ASVspoof2019/LA/LA/ASVspoof2019_LA_train/flac/LA_T_5019321.flac
train,LA_0096,LA_T_2763710,A06,spoof,/Users/raunitchatterjee/Desktop/Datasets/ASVspoof2019/LA/LA/ASVspoof2019_LA_train/flac/LA_T_2763710.flac
train,LA_0095,LA_T_9783617,A06,spoof,/Users/raunitchatterjee/Desktop/Datasets/ASVspoof2019/LA/LA/ASVspoof2019_LA_train/flac/LA_T_9783617.flac
train,LA_0080,LA_T_3199187,A06,spoof,/Users/raunitchatterjee/Desktop/Datasets/ASVspoof2019/LA/LA/ASVspoof2019_LA_train/flac/LA_T_3199187.flac
train,LA_0090,LA_T_6870438,A06,spoof,/Users/raunitchatterjee/Desktop/Datasets/ASVspoof2019/LA/LA/ASVspoof2019_LA_train/flac/LA_T_6870438.flac
train,LA_0091,LA_T_6581934,A01,spoof,/Users/raunitchatterjee/Desktop/Datasets/ASVspoof2019/LA/LA/ASVspoof2019_LA_train/flac/LA_T_6581934.flac
train,LA_0089,LA_T_8153496,A06,spoof,/Users/raunitchatterjee/Desktop/Datasets/ASVspoof2019/LA/LA/ASVspoof2019_LA_train/flac/LA_T_8153496.flac
train,LA_0093,LA_T_1991708,-,bonafide,/Users/raunitchatterjee/Desktop/Datasets/ASVspoof2019/LA/LA/ASVspoof2019_LA_train/flac/LA_T_1991708.flac
train,LA_0087,LA_T_2228778,A02,spoof,/Users/raunitchatterjee/Desktop/Datasets/ASVspoof2019/LA/LA/ASVspoof2019_LA_train/flac/LA_T_2228778.flac
train,LA_0085,LA_T_3685206,A02,spoof,/Users/raunitchatterjee/Desktop/Datasets/ASVspoof2019/LA/LA/ASVspoof2019_LA_train/flac/LA_T_3685206.flac
train,LA_0088,LA_T_1088656,A05,spoof,/Users/raunitchatterjee/Desktop/Datasets/ASVspoof2019/LA/LA/ASVspoof2019_LA_train/flac/LA_T_1088656.flac
train,LA_0087,LA_T_2339170,A01,spoof,/Users/raunitchatterjee/Desktop/Datasets/ASVspoof2019/LA/LA/ASVspoof2019_LA_train/flac/LA_T_2339170.flac
train,LA_0098,LA_T_1085885,A02,spoof,/Users/raunitchatterjee/Desktop/Datasets/ASVspoof2019/LA/LA/ASVspoof2019_LA_train/flac/LA_T_1085885.flac
train,LA_0093,LA_T_9084229,A04,spoof,/Users/raunitchatterjee/Desktop/Datasets/ASVspoof2019/LA/LA/ASVspoof2019_LA_train/flac/LA_T_9084229.flac
train,LA_0092,LA_T_6358737,-,bonafide,/Users/raunitchatterjee/Desktop/Datasets/ASVspoof2019/LA/LA/ASVspoof2019_LA_train/flac/LA_T_6358737.flac
train,LA_0081,LA_T_9279994,A04,spoof,/Users/raunitchatterjee/Desktop/Datasets/ASVspoof2019/LA/LA/ASVspoof2019_LA_train/flac/LA_T_9279994.flac
train,LA_0090,LA_T_1229383,A03,spoof,/Users/raunitchatterjee/Desktop/Datasets/ASVspoof2019/LA/LA/ASVspoof2019_LA_train/flac/LA_T_1229383.flac
train,LA_0092,LA_T_8835443,A04,spoof,/Users/raunitchatterjee/Desktop/Datasets/ASVspoof2019/LA/LA/ASVspoof2019_LA_train/flac/LA_T_8835443.flac
train,LA_0092,LA_T_5476107,A06,spoof,/Users/raunitchatterjee/Desktop/Datasets/ASVspoof2019/LA/LA/ASVspoof2019_LA_train/flac/LA_T_5476107.flac
train,LA_0079,LA_T_4141535,A03,spoof,/Users/raunitchatterjee/Desktop/Datasets/ASVspoof2019/LA/LA/ASVspoof2019_LA_train/flac/LA_T_4141535.flac
train,LA_0082,LA_T_3748161,-,bonafide,/Users/raunitchatterjee/Desktop/Datasets/ASVspoof2019/LA/LA/ASVspoof2019_LA_train/flac/LA_T_3748161.flac
train,LA_0098,LA_T_3476616,A06,spoof,/Users/raunitchatterjee/Desktop/Datasets/ASVspoof2019/LA/LA/ASVspoof2019_LA_train/flac/LA_T_3476616.flac
train,LA_0084,LA_T_3461158,A04,spoof,/Users/raunitchatterjee/Desktop/Datasets/ASVspoof2019/LA/LA/ASVspoof2019_LA_train/flac/LA_T_3461158.flac
train,LA_0094,LA_T_6381441,A03,spoof,/Users/raunitchatterjee/Desktop/Datasets/ASVspoof2019/LA/LA/ASVspoof2019_LA_train/flac/LA_T_6381441.flac
train,LA_0093,LA_T_8222026,A06,spoof,/Users/raunitchatterjee/Desktop/Datasets/ASVspoof2019/LA/LA/ASVspoof2019_LA_train/flac/LA_T_8222026.flac
train,LA_0091,LA_T_9264208,A05,spoof,/Users/raunitchatterjee/Desktop/Datasets/ASVspoof2019/LA/LA/ASVspoof2019_LA_train/flac/LA_T_9264208.flac
train,LA_0098,LA_T_6104230,A04,spoof,/Users/raunitchatterjee/Desktop/Datasets/ASVspoof2019/LA/LA/ASVspoof2019_LA_train/flac/LA_T_6104230.flac
train,LA_0087,LA_T_4777236,A01,spoof,/Users/raunitchatterjee/Desktop/Datasets/ASVspoof2019/LA/LA/ASVspoof2019_LA_train/flac/LA_T_4777236.flac
train,LA_0090,LA_T_2530870,A03,spoof,/Users/raunitchatterjee/Desktop/Datasets/ASVspoof2019/LA/LA/ASVspoof2019_LA_train/flac/LA_T_2530870.flac
train,LA_0082,LA_T_9418183,A04,spoof,/Users/raunitchatterjee/Desktop/Datasets/ASVspoof2019/LA/LA/ASVspoof2019_LA_train/flac/LA_T_9418183.flac
train,LA_0098,LA_T_3392426,A06,spoof,/Users/raunitchatterjee/Desktop/Datasets/ASVspoof2019/LA/LA/ASVspoof2019_LA_train/flac/LA_T_3392426.flac
train,LA_0089,LA_T_9611457,A06,spoof,/Users/raunitchatterjee/Desktop/Datasets/ASVspoof2019/LA/LA/ASVspoof2019_LA_train/flac/LA_T_9611457.flac
train,LA_0083,LA_T_2729692,A06,spoof,/Users/raunitchatterjee/Desktop/Datasets/ASVspoof2019/LA/LA/ASVspoof2019_LA_train/flac/LA_T_2729692.flac
train,LA_0096,LA_T_5951648,A06,spoof,/Users/raunitchatterjee/Desktop/Datasets/ASVspoof2019/LA/LA/ASVspoof2019_LA_train/flac/LA_T_5951648.flac
train,LA_0089,LA_T_5001530,A04,spoof,/Users/raunitchatterjee/Desktop/Datasets/ASVspoof2019/LA/LA/ASVspoof2019_LA_train/flac/LA_T_5001530.flac
train,LA_0091,LA_T_1088154,A05,spoof,/Users/raunitchatterjee/Desktop/Datasets/ASVspoof2019/LA/LA/ASVspoof2019_LA_train/flac/LA_T_1088154.flac
train,LA_0088,LA_T_1189271,A06,spoof,/Users/raunitchatterjee/Desktop/Datasets/ASVspoof2019/LA/LA/ASVspoof2019_LA_train/flac/LA_T_1189271.flac
train,LA_0092,LA_T_1420363,A03,spoof,/Users/raunitchatterjee/Desktop/Datasets/ASVspoof2019/LA/LA/ASVspoof2019_LA_train/flac/LA_T_1420363.flac
train,LA_0084,LA_T_5032431,A04,spoof,/Users/raunitchatterjee/Desktop/Datasets/ASVspoof2019/LA/LA/ASVspoof2019_LA_train/flac/LA_T_5032431.flac
train,LA_0098,LA_T_1657386,A02,spoof,/Users/raunitchatterjee/Desktop/Datasets/ASVspoof2019/LA/LA/ASVspoof2019_LA_train/flac/LA_T_1657386.flac
train,LA_0082,LA_T_6686556,A06,spoof,/Users/raunitchatterjee/Desktop/Datasets/ASVspoof2019/LA/LA/ASVspoof2019_LA_train/flac/LA_T_6686556.flac
train,LA_0089,LA_T_9274561,A03,spoof,/Users/raunitchatterjee/Desktop/Datasets/ASVspoof2019/LA/LA/ASVspoof2019_LA_train/flac/LA_T_9274561.flac
train,LA_0081,LA_T_3892421,A01,spoof,/Users/raunitchatterjee/Desktop/Datasets/ASVspoof2019/LA/LA/ASVspoof2019_LA_train/flac/LA_T_3892421.flac
train,LA_0096,LA_T_4403320,-,bonafide,/Users/raunitchatterjee/Desktop/Datasets/ASVspoof2019/LA/LA/ASVspoof2019_LA_train/flac/LA_T_4403320.flac
train,LA_0092,LA_T_4873953,A05,spoof,/Users/raunitchatterjee/Desktop/Datasets/ASVspoof2019/LA/LA/ASVspoof2019_LA_train/flac/LA_T_4873953.flac
train,LA_0085,LA_T_4008513,A01,spoof,/Users/raunitchatterjee/Desktop/Datasets/ASVspoof2019/LA/LA/ASVspoof2019_LA_train/flac/LA_T_4008513.flac
train,LA_0084,LA_T_7536704,A04,spoof,/Users/raunitchatterjee/Desktop/Datasets/ASVspoof2019/LA/LA/ASVspoof2019_LA_train/flac/LA_T_7536704.flac
train,LA_0093,LA_T_5949672,A02,spoof,/Users/raunitchatterjee/Desktop/Datasets/ASVspoof2019/LA/LA/ASVspoof2019_LA_train/flac/LA_T_5949672.flac
train,LA_0089,LA_T_4241990,A03,spoof,/Users/raunitchatterjee/Desktop/Datasets/ASVspoof2019/LA/LA/ASVspoof2019_LA_train/flac/LA_T_4241990.flac
train,LA_0079,LA_T_7001818,A06,spoof,/Users/raunitchatterjee/Desktop/Datasets/ASVspoof2019/LA/LA/ASVspoof2019_LA_train/flac/LA_T_7001818.flac
train,LA_0086,LA_T_5831523,-,bonafide,/Users/raunitchatterjee/Desktop/Datasets/ASVspoof2019/LA/LA/ASVspoof2019_LA_train/flac/LA_T_5831523.flac
train,LA_0090,LA_T_5425162,A01,spoof,/Users/raunitchatterjee/Desktop/Datasets/ASVspoof2019/LA/LA/ASVspoof2019_LA_train/flac/LA_T_5425162.flac
train,LA_0095,LA_T_7945408,A03,spoof,/Users/raunitchatterjee/Desktop/Datasets/ASVspoof2019/LA/LA/ASVspoof2019_LA_train/flac/LA_T_7945408.flac
train,LA_0092,LA_T_8053472,A01,spoof,/Users/raunitchatterjee/Desktop/Datasets/ASVspoof2019/LA/LA/ASVspoof2019_LA_train/flac/LA_T_8053472.flac
train,LA_0089,LA_T_2363042,A06,spoof,/Users/raunitchatterjee/Desktop/Datasets/ASVspoof2019/LA/LA/ASVspoof2019_LA_train/flac/LA_T_2363042.flac
train,LA_0085,LA_T_6877312,A01,spoof,/Users/raunitchatterjee/Desktop/Datasets/ASVspoof2019/LA/LA/ASVspoof2019_LA_train/flac/LA_T_6877312.flac
train,LA_0090,LA_T_1065893,A03,spoof,/Users/raunitchatterjee/Desktop/Datasets/ASVspoof2019/LA/LA/ASVspoof2019_LA_train/flac/LA_T_1065893.flac
train,LA_0096,LA_T_5949876,A01,spoof,/Users/raunitchatterjee/Desktop/Datasets/ASVspoof2019/LA/LA/ASVspoof2019_LA_train/flac/LA_T_5949876.flac
train,LA_0080,LA_T_6755961,A05,spoof,/Users/raunitchatterjee/Desktop/Datasets/ASVspoof2019/LA/LA/ASVspoof2019_LA_train/flac/LA_T_6755961.flac
train,LA_0080,LA_T_7069843,A01,spoof,/Users/raunitchatterjee/Desktop/Datasets/ASVspoof2019/LA/LA/ASVspoof2019_LA_train/flac/LA_T_7069843.flac
train,LA_0093,LA_T_2508565,-,bonafide,/Users/raunitchatterjee/Desktop/Datasets/ASVspoof2019/LA/LA/ASVspoof2019_LA_train/flac/LA_T_2508565.flac
train,LA_0089,LA_T_1661773,-,bonafide,/Users/raunitchatterjee/Desktop/Datasets/ASVspoof2019/LA/LA/ASVspoof2019_LA_train/flac/LA_T_1661773.flac
train,LA_0097,LA_T_8367167,A06,spoof,/Users/raunitchatterjee/Desktop/Datasets/ASVspoof2019/LA/LA/ASVspoof2019_LA_train/flac/LA_T_8367167.flac
train,LA_0084,LA_T_8047344,A04,spoof,/Users/raunitchatterjee/Desktop/Datasets/ASVspoof2019/LA/LA/ASVspoof2019_LA_train/flac/LA_T_8047344.flac
train,LA_0079,LA_T_7802358,A03,spoof,/Users/raunitchatterjee/Desktop/Datasets/ASVspoof2019/LA/LA/ASVspoof2019_LA_train/flac/LA_T_7802358.flac
train,LA_0090,LA_T_2093687,A03,spoof,/Users/raunitchatterjee/Desktop/Datasets/ASVspoof2019/LA/LA/ASVspoof2019_LA_train/flac/LA_T_2093687.flac
train,LA_0097,LA_T_5514714,A03,spoof,/Users/raunitchatterjee/Desktop/Datasets/ASVspoof2019/LA/LA/ASVspoof2019_LA_train/flac/LA_T_5514714.flac
train,LA_0081,LA_T_6372645,A03,spoof,/Users/raunitchatterjee/Desktop/Datasets/ASVspoof2019/LA/LA/ASVspoof2019_LA_train/flac/LA_T_6372645.flac
train,LA_0081,LA_T_4191648,A06,spoof,/Users/raunitchatterjee/Desktop/Datasets/ASVspoof2019/LA/LA/ASVspoof2019_LA_train/flac/LA_T_4191648.flac
train,LA_0093,LA_T_6470867,-,bonafide,/Users/raunitchatterjee/Desktop/Datasets/ASVspoof2019/LA/LA/ASVspoof2019_LA_train/flac/LA_T_6470867.flac
train,LA_0087,LA_T_2888441,A02,spoof,/Users/raunitchatterjee/Desktop/Datasets/ASVspoof2019/LA/LA/ASVspoof2019_LA_train/flac/LA_T_2888441.flac
train,LA_0084,LA_T_4387952,A01,spoof,/Users/raunitchatterjee/Desktop/Datasets/ASVspoof2019/LA/LA/ASVspoof2019_LA_train/flac/LA_T_4387952.flac
train,LA_0079,LA_T_7557575,A03,spoof,/Users/raunitchatterjee/Desktop/Datasets/ASVspoof2019/LA/LA/ASVspoof2019_LA_train/flac/LA_T_7557575.flac
train,LA_0097,LA_T_2727465,A05,spoof,/Users/raunitchatterjee/Desktop/Datasets/ASVspoof2019/LA/LA/ASVspoof2019_LA_train/flac/LA_T_2727465.flac
train,LA_0085,LA_T_5587807,A06,spoof,/Users/raunitchatterjee/Desktop/Datasets/ASVspoof2019/LA/LA/ASVspoof2019_LA_train/flac/LA_T_5587807.flac
train,LA_0095,LA_T_9494832,A06,spoof,/Users/raunitchatterjee/Desktop/Datasets/ASVspoof2019/LA/LA/ASVspoof2019_LA_train/flac/LA_T_9494832.flac
train,LA_0089,LA_T_3980745,A04,spoof,/Users/raunitchatterjee/Desktop/Datasets/ASVspoof2019/LA/LA/ASVspoof2019_LA_train/flac/LA_T_3980745.flac
train,LA_0083,LA_T_6593113,A02,spoof,/Users/raunitchatterjee/Desktop/Datasets/ASVspoof2019/LA/LA/ASVspoof2019_LA_train/flac/LA_T_6593113.flac
train,LA_0083,LA_T_9280424,A03,spoof,/Users/raunitchatterjee/Desktop/Datasets/ASVspoof2019/LA/LA/ASVspoof2019_LA_train/flac/LA_T_9280424.flac
train,LA_0083,LA_T_6278762,A05,spoof,/Users/raunitchatterjee/Desktop/Datasets/ASVspoof2019/LA/LA/ASVspoof2019_LA_train/flac/LA_T_6278762.flac
train,LA_0083,LA_T_9644594,-,bonafide,/Users/raunitchatterjee/Desktop/Datasets/ASVspoof2019/LA/LA/ASVspoof2019_LA_train/flac/LA_T_9644594.flac
train,LA_0085,LA_T_1139785,A05,spoof,/Users/raunitchatterjee/Desktop/Datasets/ASVspoof2019/LA/LA/ASVspoof2019_LA_train/flac/LA_T_1139785.flac
train,LA_0090,LA_T_3686789,-,bonafide,/Users/raunitchatterjee/Desktop/Datasets/ASVspoof2019/LA/LA/ASVspoof2019_LA_train/flac/LA_T_3686789.flac
train,LA_0088,LA_T_2027412,A02,spoof,/Users/raunitchatterjee/Desktop/Datasets/ASVspoof2019/LA/LA/ASVspoof2019_LA_train/flac/LA_T_2027412.flac
train,LA_0085,LA_T_5263056,A03,spoof,/Users/raunitchatterjee/Desktop/Datasets/ASVspoof2019/LA/LA/ASVspoof2019_LA_train/flac/LA_T_5263056.flac
train,LA_0096,LA_T_9859918,A06,spoof,/Users/raunitchatterjee/Desktop/Datasets/ASVspoof2019/LA/LA/ASVspoof2019_LA_train/flac/LA_T_9859918.flac
train,LA_0086,LA_T_4398364,A04,spoof,/Users/raunitchatterjee/Desktop/Datasets/ASVspoof2019/LA/LA/ASVspoof2019_LA_train/flac/LA_T_4398364.flac
train,LA_0088,LA_T_4381265,A01,spoof,/Users/raunitchatterjee/Desktop/Datasets/ASVspoof2019/LA/LA/ASVspoof2019_LA_train/flac/LA_T_4381265.flac
train,LA_0095,LA_T_2635433,A06,spoof,/Users/raunitchatterjee/Desktop/Datasets/ASVspoof2019/LA/LA/ASVspoof2019_LA_train/flac/LA_T_2635433.flac
train,LA_0086,LA_T_4011866,A05,spoof,/Users/raunitchatterjee/Desktop/Datasets/ASVspoof2019/LA/LA/ASVspoof2019_LA_train/flac/LA_T_4011866.flac
train,LA_0096,LA_T_7449353,A05,spoof,/Users/raunitchatterjee/Desktop/Datasets/ASVspoof2019/LA/LA/ASVspoof2019_LA_train/flac/LA_T_7449353.flac
train,LA_0086,LA_T_8864013,A03,spoof,/Users/raunitchatterjee/Desktop/Datasets/ASVspoof2019/LA/LA/ASVspoof2019_LA_train/flac/LA_T_8864013.flac
train,LA_0084,LA_T_7315870,A02,spoof,/Users/raunitchatterjee/Desktop/Datasets/ASVspoof2019/LA/LA/ASVspoof2019_LA_train/flac/LA_T_7315870.flac
train,LA_0098,LA_T_5143359,A01,spoof,/Users/raunitchatterjee/Desktop/Datasets/ASVspoof2019/LA/LA/ASVspoof2019_LA_train/flac/LA_T_5143359.flac
train,LA_0088,LA_T_6660840,A06,spoof,/Users/raunitchatterjee/Desktop/Datasets/ASVspoof2019/LA/LA/ASVspoof2019_LA_train/flac/LA_T_6660840.flac
train,LA_0095,LA_T_4500714,A03,spoof,/Users/raunitchatterjee/Desktop/Datasets/ASVspoof2019/LA/LA/ASVspoof2019_LA_train/flac/LA_T_4500714.flac
train,LA_0092,LA_T_3551131,A06,spoof,/Users/raunitchatterjee/Desktop/Datasets/ASVspoof2019/LA/LA/ASVspoof2019_LA_train/flac/LA_T_3551131.flac
train,LA_0085,LA_T_7842315,A06,spoof,/Users/raunitchatterjee/Desktop/Datasets/ASVspoof2019/LA/LA/ASVspoof2019_LA_train/flac/LA_T_7842315.flac
train,LA_0093,LA_T_7102720,A05,spoof,/Users/raunitchatterjee/Desktop/Datasets/ASVspoof2019/LA/LA/ASVspoof2019_LA_train/flac/LA_T_7102720.flac
train,LA_0087,LA_T_3383878,-,bonafide,/Users/raunitchatterjee/Desktop/Datasets/ASVspoof2019/LA/LA/ASVspoof2019_LA_train/flac/LA_T_3383878.flac
train,LA_0080,LA_T_8192737,A06,spoof,/Users/raunitchatterjee/Desktop/Datasets/ASVspoof2019/LA/LA/ASVspoof2019_LA_train/flac/LA_T_8192737.flac
train,LA_0089,LA_T_1892752,A03,spoof,/Users/raunitchatterjee/Desktop/Datasets/ASVspoof2019/LA/LA/ASVspoof2019_LA_train/flac/LA_T_1892752.flac
train,LA_0092,LA_T_6441648,A04,spoof,/Users/raunitchatterjee/Desktop/Datasets/ASVspoof2019/LA/LA/ASVspoof2019_LA_train/flac/LA_T_6441648.flac
train,LA_0083,LA_T_1299318,A06,spoof,/Users/raunitchatterjee/Desktop/Datasets/ASVspoof2019/LA/LA/ASVspoof2019_LA_train/flac/LA_T_1299318.flac
train,LA_0094,LA_T_9066681,A01,spoof,/Users/raunitchatterjee/Desktop/Datasets/ASVspoof2019/LA/LA/ASVspoof2019_LA_train/flac/LA_T_9066681.flac
train,LA_0089,LA_T_1126227,A01,spoof,/Users/raunitchatterjee/Desktop/Datasets/ASVspoof2019/LA/LA/ASVspoof2019_LA_train/flac/LA_T_1126227.flac
train,LA_0079,LA_T_8492533,A03,spoof,/Users/raunitchatterjee/Desktop/Datasets/ASVspoof2019/LA/LA/ASVspoof2019_LA_train/flac/LA_T_8492533.flac
train,LA_0081,LA_T_7022279,A04,spoof,/Users/raunitchatterjee/Desktop/Datasets/ASVspoof2019/LA/LA/ASVspoof2019_LA_train/flac/LA_T_7022279.flac
train,LA_0098,LA_T_9717580,A06,spoof,/Users/raunitchatterjee/Desktop/Datasets/ASVspoof2019/LA/LA/ASVspoof2019_LA_train/flac/LA_T_9717580.flac
train,LA_0089,LA_T_8113291,A02,spoof,/Users/raunitchatterjee/Desktop/Datasets/ASVspoof2019/LA/LA/ASVspoof2019_LA_train/flac/LA_T_8113291.flac
train,LA_0090,LA_T_3501102,A02,spoof,/Users/raunitchatterjee/Desktop/Datasets/ASVspoof2019/LA/LA/ASVspoof2019_LA_train/flac/LA_T_3501102.flac
train,LA_0097,LA_T_6979967,A01,spoof,/Users/raunitchatterjee/Desktop/Datasets/ASVspoof2019/LA/LA/ASVspoof2019_LA_train/flac/LA_T_6979967.flac
train,LA_0095,LA_T_7680723,A03,spoof,/Users/raunitchatterjee/Desktop/Datasets/ASVspoof2019/LA/LA/ASVspoof2019_LA_train/flac/LA_T_7680723.flac
train,LA_0084,LA_T_7800300,A04,spoof,/Users/raunitchatterjee/Desktop/Datasets/ASVspoof2019/LA/LA/ASVspoof2019_LA_train/flac/LA_T_7800300.flac
train,LA_0087,LA_T_1148993,A02,spoof,/Users/raunitchatterjee/Desktop/Datasets/ASVspoof2019/LA/LA/ASVspoof2019_LA_train/flac/LA_T_1148993.flac
train,LA_0081,LA_T_8696103,A04,spoof,/Users/raunitchatterjee/Desktop/Datasets/ASVspoof2019/LA/LA/ASVspoof2019_LA_train/flac/LA_T_8696103.flac
train,LA_0080,LA_T_7183959,A01,spoof,/Users/raunitchatterjee/Desktop/Datasets/ASVspoof2019/LA/LA/ASVspoof2019_LA_train/flac/LA_T_7183959.flac
train,LA_0088,LA_T_2807487,A04,spoof,/Users/raunitchatterjee/Desktop/Datasets/ASVspoof2019/LA/LA/ASVspoof2019_LA_train/flac/LA_T_2807487.flac
train,LA_0095,LA_T_6887491,-,bonafide,/Users/raunitchatterjee/Desktop/Datasets/ASVspoof2019/LA/LA/ASVspoof2019_LA_train/flac/LA_T_6887491.flac
train,LA_0092,LA_T_7526016,A03,spoof,/Users/raunitchatterjee/Desktop/Datasets/ASVspoof2019/LA/LA/ASVspoof2019_LA_train/flac/LA_T_7526016.flac
train,LA_0088,LA_T_9506731,A06,spoof,/Users/raunitchatterjee/Desktop/Datasets/ASVspoof2019/LA/LA/ASVspoof2019_LA_train/flac/LA_T_9506731.flac
train,LA_0082,LA_T_9018490,A01,spoof,/Users/raunitchatterjee/Desktop/Datasets/ASVspoof2019/LA/LA/ASVspoof2019_LA_train/flac/LA_T_9018490.flac
train,LA_0089,LA_T_6247812,A06,spoof,/Users/raunitchatterjee/Desktop/Datasets/ASVspoof2019/LA/LA/ASVspoof2019_LA_train/flac/LA_T_6247812.flac
train,LA_0083,LA_T_5078915,A02,spoof,/Users/raunitchatterjee/Desktop/Datasets/ASVspoof2019/LA/LA/ASVspoof2019_LA_train/flac/LA_T_5078915.flac
train,LA_0090,LA_T_7568262,A05,spoof,/Users/raunitchatterjee/Desktop/Datasets/ASVspoof2019/LA/LA/ASVspoof2019_LA_train/flac/LA_T_7568262.flac
train,LA_0087,LA_T_6993201,-,bonafide,/Users/raunitchatterjee/Desktop/Datasets/ASVspoof2019/LA/LA/ASVspoof2019_LA_train/flac/LA_T_6993201.flac
train,LA_0096,LA_T_6901451,A06,spoof,/Users/raunitchatterjee/Desktop/Datasets/ASVspoof2019/LA/LA/ASVspoof2019_LA_train/flac/LA_T_6901451.flac
train,LA_0080,LA_T_7144028,A06,spoof,/Users/raunitchatterjee/Desktop/Datasets/ASVspoof2019/LA/LA/ASVspoof2019_LA_train/flac/LA_T_7144028.flac
train,LA_0083,LA_T_7822271,A01,spoof,/Users/raunitchatterjee/Desktop/Datasets/ASVspoof2019/LA/LA/ASVspoof2019_LA_train/flac/LA_T_7822271.flac
train,LA_0090,LA_T_9272004,A03,spoof,/Users/raunitchatterjee/Desktop/Datasets/ASVspoof2019/LA/LA/ASVspoof2019_LA_train/flac/LA_T_9272004.flac
train,LA_0081,LA_T_6808825,-,bonafide,/Users/raunitchatterjee/Desktop/Datasets/ASVspoof2019/LA/LA/ASVspoof2019_LA_train/flac/LA_T_6808825.flac
train,LA_0083,LA_T_3439561,A01,spoof,/Users/raunitchatterjee/Desktop/Datasets/ASVspoof2019/LA/LA/ASVspoof2019_LA_train/flac/LA_T_3439561.flac
train,LA_0095,LA_T_3210566,A01,spoof,/Users/raunitchatterjee/Desktop/Datasets/ASVspoof2019/LA/LA/ASVspoof2019_LA_train/flac/LA_T_3210566.flac
train,LA_0085,LA_T_8781755,A05,spoof,/Users/raunitchatterjee/Desktop/Datasets/ASVspoof2019/LA/LA/ASVspoof2019_LA_train/flac/LA_T_8781755.flac
train,LA_0093,LA_T_6766425,A02,spoof,/Users/raunitchatterjee/Desktop/Datasets/ASVspoof2019/LA/LA/ASVspoof2019_LA_train/flac/LA_T_6766425.flac
train,LA_0079,LA_T_1531370,A01,spoof,/Users/raunitchatterjee/Desktop/Datasets/ASVspoof2019/LA/LA/ASVspoof2019_LA_train/flac/LA_T_1531370.flac
train,LA_0085,LA_T_4045467,A06,spoof,/Users/raunitchatterjee/Desktop/Datasets/ASVspoof2019/LA/LA/ASVspoof2019_LA_train/flac/LA_T_4045467.flac
train,LA_0098,LA_T_8838270,A03,spoof,/Users/raunitchatterjee/Desktop/Datasets/ASVspoof2019/LA/LA/ASVspoof2019_LA_train/flac/LA_T_8838270.flac
train,LA_0083,LA_T_4319101,A01,spoof,/Users/raunitchatterjee/Desktop/Datasets/ASVspoof2019/LA/LA/ASVspoof2019_LA_train/flac/LA_T_4319101.flac
train,LA_0081,LA_T_6322780,-,bonafide,/Users/raunitchatterjee/Desktop/Datasets/ASVspoof2019/LA/LA/ASVspoof2019_LA_train/flac/LA_T_6322780.flac
train,LA_0086,LA_T_4156875,A05,spoof,/Users/raunitchatterjee/Desktop/Datasets/ASVspoof2019/LA/LA/ASVspoof2019_LA_train/flac/LA_T_4156875.flac
train,LA_0097,LA_T_7130400,A04,spoof,/Users/raunitchatterjee/Desktop/Datasets/ASVspoof2019/LA/LA/ASVspoof2019_LA_train/flac/LA_T_7130400.flac
train,LA_0084,LA_T_2743741,A05,spoof,/Users/raunitchatterjee/Desktop/Datasets/ASVspoof2019/LA/LA/ASVspoof2019_LA_train/flac/LA_T_2743741.flac
train,LA_0098,LA_T_8062025,A04,spoof,/Users/raunitchatterjee/Desktop/Datasets/ASVspoof2019/LA/LA/ASVspoof2019_LA_train/flac/LA_T_8062025.flac
train,LA_0095,LA_T_8130361,A05,spoof,/Users/raunitchatterjee/Desktop/Datasets/ASVspoof2019/LA/LA/ASVspoof2019_LA_train/flac/LA_T_8130361.flac
train,LA_0085,LA_T_6653351,A04,spoof,/Users/raunitchatterjee/Desktop/Datasets/ASVspoof2019/LA/LA/ASVspoof2019_LA_train/flac/LA_T_6653351.flac
train,LA_0094,LA_T_3772113,A03,spoof,/Users/raunitchatterjee/Desktop/Datasets/ASVspoof2019/LA/LA/ASVspoof2019_LA_train/flac/LA_T_3772113.flac
train,LA_0094,LA_T_4804940,A01,spoof,/Users/raunitchatterjee/Desktop/Datasets/ASVspoof2019/LA/LA/ASVspoof2019_LA_train/flac/LA_T_4804940.flac
train,LA_0087,LA_T_5082147,A04,spoof,/Users/raunitchatterjee/Desktop/Datasets/ASVspoof2019/LA/LA/ASVspoof2019_LA_train/flac/LA_T_5082147.flac
train,LA_0092,LA_T_6818468,A05,spoof,/Users/raunitchatterjee/Desktop/Datasets/ASVspoof2019/LA/LA/ASVspoof2019_LA_train/flac/LA_T_6818468.flac
train,LA_0097,LA_T_8561195,A04,spoof,/Users/raunitchatterjee/Desktop/Datasets/ASVspoof2019/LA/LA/ASVspoof2019_LA_train/flac/LA_T_8561195.flac
train,LA_0090,LA_T_4930251,A03,spoof,/Users/raunitchatterjee/Desktop/Datasets/ASVspoof2019/LA/LA/ASVspoof2019_LA_train/flac/LA_T_4930251.flac
train,LA_0095,LA_T_6922879,-,bonafide,/Users/raunitchatterjee/Desktop/Datasets/ASVspoof2019/LA/LA/ASVspoof2019_LA_train/flac/LA_T_6922879.flac
train,LA_0080,LA_T_2826716,A06,spoof,/Users/raunitchatterjee/Desktop/Datasets/ASVspoof2019/LA/LA/ASVspoof2019_LA_train/flac/LA_T_2826716.flac
train,LA_0096,LA_T_7378120,A04,spoof,/Users/raunitchatterjee/Desktop/Datasets/ASVspoof2019/LA/LA/ASVspoof2019_LA_train/flac/LA_T_7378120.flac
train,LA_0096,LA_T_3106270,-,bonafide,/Users/raunitchatterjee/Desktop/Datasets/ASVspoof2019/LA/LA/ASVspoof2019_LA_train/flac/LA_T_3106270.flac
train,LA_0095,LA_T_4642415,-,bonafide,/Users/raunitchatterjee/Desktop/Datasets/ASVspoof2019/LA/LA/ASVspoof2019_LA_train/flac/LA_T_4642415.flac
train,LA_0093,LA_T_1617431,-,bonafide,/Users/raunitchatterjee/Desktop/Datasets/ASVspoof2019/LA/LA/ASVspoof2019_LA_train/flac/LA_T_1617431.flac
train,LA_0084,LA_T_9215680,A04,spoof,/Users/raunitchatterjee/Desktop/Datasets/ASVspoof2019/LA/LA/ASVspoof2019_LA_train/flac/LA_T_9215680.flac
train,LA_0082,LA_T_3904124,A03,spoof,/Users/raunitchatterjee/Desktop/Datasets/ASVspoof2019/LA/LA/ASVspoof2019_LA_train/flac/LA_T_3904124.flac
train,LA_0082,LA_T_5021961,A06,spoof,/Users/raunitchatterjee/Desktop/Datasets/ASVspoof2019/LA/LA/ASVspoof2019_LA_train/flac/LA_T_5021961.flac
train,LA_0096,LA_T_2635451,A05,spoof,/Users/raunitchatterjee/Desktop/Datasets/ASVspoof2019/LA/LA/ASVspoof2019_LA_train/flac/LA_T_2635451.flac
train,LA_0084,LA_T_4978069,A01,spoof,/Users/raunitchatterjee/Desktop/Datasets/ASVspoof2019/LA/LA/ASVspoof2019_LA_train/flac/LA_T_4978069.flac
train,LA_0080,LA_T_8638153,A04,spoof,/Users/raunitchatterjee/Desktop/Datasets/ASVspoof2019/LA/LA/ASVspoof2019_LA_train/flac/LA_T_8638153.flac
train,LA_0093,LA_T_9495265,A01,spoof,/Users/raunitchatterjee/Desktop/Datasets/ASVspoof2019/LA/LA/ASVspoof2019_LA_train/flac/LA_T_9495265.flac
train,LA_0080,LA_T_5866595,-,bonafide,/Users/raunitchatterjee/Desktop/Datasets/ASVspoof2019/LA/LA/ASVspoof2019_LA_train/flac/LA_T_5866595.flac
train,LA_0091,LA_T_3879325,A01,spoof,/Users/raunitchatterjee/Desktop/Datasets/ASVspoof2019/LA/LA/ASVspoof2019_LA_train/flac/LA_T_3879325.flac
train,LA_0082,LA_T_4521297,A04,spoof,/Users/raunitchatterjee/Desktop/Datasets/ASVspoof2019/LA/LA/ASVspoof2019_LA_train/flac/LA_T_4521297.flac
train,LA_0097,LA_T_5392176,A03,spoof,/Users/raunitchatterjee/Desktop/Datasets/ASVspoof2019/LA/LA/ASVspoof2019_LA_train/flac/LA_T_5392176.flac
train,LA_0082,LA_T_5663326,A03,spoof,/Users/raunitchatterjee/Desktop/Datasets/ASVspoof2019/LA/LA/ASVspoof2019_LA_train/flac/LA_T_5663326.flac
train,LA_0081,LA_T_7967427,-,bonafide,/Users/raunitchatterjee/Desktop/Datasets/ASVspoof2019/LA/LA/ASVspoof2019_LA_train/flac/LA_T_7967427.flac
train,LA_0092,LA_T_7232286,A03,spoof,/Users/raunitchatterjee/Desktop/Datasets/ASVspoof2019/LA/LA/ASVspoof2019_LA_train/flac/LA_T_7232286.flac
train,LA_0095,LA_T_8342357,-,bonafide,/Users/raunitchatterjee/Desktop/Datasets/ASVspoof2019/LA/LA/ASVspoof2019_LA_train/flac/LA_T_8342357.flac
train,LA_0084,LA_T_1331466,A02,spoof,/Users/raunitchatterjee/Desktop/Datasets/ASVspoof2019/LA/LA/ASVspoof2019_LA_train/flac/LA_T_1331466.flac
train,LA_0081,LA_T_3822542,A04,spoof,/Users/raunitchatterjee/Desktop/Datasets/ASVspoof2019/LA/LA/ASVspoof2019_LA_train/flac/LA_T_3822542.flac
train,LA_0091,LA_T_2762276,A03,spoof,/Users/raunitchatterjee/Desktop/Datasets/ASVspoof2019/LA/LA/ASVspoof2019_LA_train/flac/LA_T_2762276.flac
train,LA_0089,LA_T_5170474,A01,spoof,/Users/raunitchatterjee/Desktop/Datasets/ASVspoof2019/LA/LA/ASVspoof2019_LA_train/flac/LA_T_5170474.flac
train,LA_0079,LA_T_2488195,A05,spoof,/Users/raunitchatterjee/Desktop/Datasets/ASVspoof2019/LA/LA/ASVspoof2019_LA_train/flac/LA_T_2488195.flac
train,LA_0096,LA_T_3932472,A04,spoof,/Users/raunitchatterjee/Desktop/Datasets/ASVspoof2019/LA/LA/ASVspoof2019_LA_train/flac/LA_T_3932472.flac
train,LA_0096,LA_T_4115529,A03,spoof,/Users/raunitchatterjee/Desktop/Datasets/ASVspoof2019/LA/LA/ASVspoof2019_LA_train/flac/LA_T_4115529.flac
train,LA_0081,LA_T_6653103,A05,spoof,/Users/raunitchatterjee/Desktop/Datasets/ASVspoof2019/LA/LA/ASVspoof2019_LA_train/flac/LA_T_6653103.flac
train,LA_0084,LA_T_8134174,A06,spoof,/Users/raunitchatterjee/Desktop/Datasets/ASVspoof2019/LA/LA/ASVspoof2019_LA_train/flac/LA_T_8134174.flac
train,LA_0089,LA_T_3236371,A04,spoof,/Users/raunitchatterjee/Desktop/Datasets/ASVspoof2019/LA/LA/ASVspoof2019_LA_train/flac/LA_T_3236371.flac
train,LA_0086,LA_T_7949068,A01,spoof,/Users/raunitchatterjee/Desktop/Datasets/ASVspoof2019/LA/LA/ASVspoof2019_LA_train/flac/LA_T_7949068.flac
train,LA_0089,LA_T_2406504,A03,spoof,/Users/raunitchatterjee/Desktop/Datasets/ASVspoof2019/LA/LA/ASVspoof2019_LA_train/flac/LA_T_2406504.flac
train,LA_0098,LA_T_5583883,A05,spoof,/Users/raunitchatterjee/Desktop/Datasets/ASVspoof2019/LA/LA/ASVspoof2019_LA_train/flac/LA_T_5583883.flac
train,LA_0088,LA_T_6632904,-,bonafide,/Users/raunitchatterjee/Desktop/Datasets/ASVspoof2019/LA/LA/ASVspoof2019_LA_train/flac/LA_T_6632904.flac
train,LA_0088,LA_T_5046063,A03,spoof,/Users/raunitchatterjee/Desktop/Datasets/ASVspoof2019/LA/LA/ASVspoof2019_LA_train/flac/LA_T_5046063.flac
train,LA_0096,LA_T_8247944,A04,spoof,/Users/raunitchatterjee/Desktop/Datasets/ASVspoof2019/LA/LA/ASVspoof2019_LA_train/flac/LA_T_8247944.flac
train,LA_0088,LA_T_6091344,A01,spoof,/Users/raunitchatterjee/Desktop/Datasets/ASVspoof2019/LA/LA/ASVspoof2019_LA_train/flac/LA_T_6091344.flac
train,LA_0085,LA_T_9899153,A04,spoof,/Users/raunitchatterjee/Desktop/Datasets/ASVspoof2019/LA/LA/ASVspoof2019_LA_train/flac/LA_T_9899153.flac
train,LA_0083,LA_T_1290565,A06,spoof,/Users/raunitchatterjee/Desktop/Datasets/ASVspoof2019/LA/LA/ASVspoof2019_LA_train/flac/LA_T_1290565.flac
train,LA_0083,LA_T_7171395,A03,spoof,/Users/raunitchatterjee/Desktop/Datasets/ASVspoof2019/LA/LA/ASVspoof2019_LA_train/flac/LA_T_7171395.flac
train,LA_0085,LA_T_2960526,A02,spoof,/Users/raunitchatterjee/Desktop/Datasets/ASVspoof2019/LA/LA/ASVspoof2019_LA_train/flac/LA_T_2960526.flac
train,LA_0085,LA_T_8419723,A02,spoof,/Users/raunitchatterjee/Desktop/Datasets/ASVspoof2019/LA/LA/ASVspoof2019_LA_train/flac/LA_T_8419723.flac
train,LA_0092,LA_T_1367776,A05,spoof,/Users/raunitchatterjee/Desktop/Datasets/ASVspoof2019/LA/LA/ASVspoof2019_LA_train/flac/LA_T_1367776.flac
train,LA_0093,LA_T_7421102,A05,spoof,/Users/raunitchatterjee/Desktop/Datasets/ASVspoof2019/LA/LA/ASVspoof2019_LA_train/flac/LA_T_7421102.flac
train,LA_0097,LA_T_7812381,A02,spoof,/Users/raunitchatterjee/Desktop/Datasets/ASVspoof2019/LA/LA/ASVspoof2019_LA_train/flac/LA_T_7812381.flac
train,LA_0096,LA_T_7703397,A03,spoof,/Users/raunitchatterjee/Desktop/Datasets/ASVspoof2019/LA/LA/ASVspoof2019_LA_train/flac/LA_T_7703397.flac
train,LA_0090,LA_T_4694404,A05,spoof,/Users/raunitchatterjee/Desktop/Datasets/ASVspoof2019/LA/LA/ASVspoof2019_LA_train/flac/LA_T_4694404.flac
train,LA_0089,LA_T_3630061,A04,spoof,/Users/raunitchatterjee/Desktop/Datasets/ASVspoof2019/LA/LA/ASVspoof2019_LA_train/flac/LA_T_3630061.flac
train,LA_0088,LA_T_2444945,A01,spoof,/Users/raunitchatterjee/Desktop/Datasets/ASVspoof2019/LA/LA/ASVspoof2019_LA_train/flac/LA_T_2444945.flac
train,LA_0081,LA_T_8965273,A02,spoof,/Users/raunitchatterjee/Desktop/Datasets/ASVspoof2019/LA/LA/ASVspoof2019_LA_train/flac/LA_T_8965273.flac
train,LA_0079,LA_T_9392593,A06,spoof,/Users/raunitchatterjee/Desktop/Datasets/ASVspoof2019/LA/LA/ASVspoof2019_LA_train/flac/LA_T_9392593.flac
train,LA_0082,LA_T_2130583,-,bonafide,/Users/raunitchatterjee/Desktop/Datasets/ASVspoof2019/LA/LA/ASVspoof2019_LA_train/flac/LA_T_2130583.flac
train,LA_0096,LA_T_6157285,A06,spoof,/Users/raunitchatterjee/Desktop/Datasets/ASVspoof2019/LA/LA/ASVspoof2019_LA_train/flac/LA_T_6157285.flac
train,LA_0094,LA_T_5342885,A05,spoof,/Users/raunitchatterjee/Desktop/Datasets/ASVspoof2019/LA/LA/ASVspoof2019_LA_train/flac/LA_T_5342885.flac
train,LA_0081,LA_T_7011385,A02,spoof,/Users/raunitchatterjee/Desktop/Datasets/ASVspoof2019/LA/LA/ASVspoof2019_LA_train/flac/LA_T_7011385.flac
train,LA_0079,LA_T_6669609,A05,spoof,/Users/raunitchatterjee/Desktop/Datasets/ASVspoof2019/LA/LA/ASVspoof2019_LA_train/flac/LA_T_6669609.flac
train,LA_0081,LA_T_7045985,A01,spoof,/Users/raunitchatterjee/Desktop/Datasets/ASVspoof2019/LA/LA/ASVspoof2019_LA_train/flac/LA_T_7045985.flac
train,LA_0087,LA_T_1957538,A03,spoof,/Users/raunitchatterjee/Desktop/Datasets/ASVspoof2019/LA/LA/ASVspoof2019_LA_train/flac/LA_T_1957538.flac
train,LA_0085,LA_T_2256882,A01,spoof,/Users/raunitchatterjee/Desktop/Datasets/ASVspoof2019/LA/LA/ASVspoof2019_LA_train/flac/LA_T_2256882.flac
train,LA_0079,LA_T_5503677,A06,spoof,/Users/raunitchatterjee/Desktop/Datasets/ASVspoof2019/LA/LA/ASVspoof2019_LA_train/flac/LA_T_5503677.flac
train,LA_0083,LA_T_6247363,A06,spoof,/Users/raunitchatterjee/Desktop/Datasets/ASVspoof2019/LA/LA/ASVspoof2019_LA_train/flac/LA_T_6247363.flac
train,LA_0088,LA_T_9063133,A02,spoof,/Users/raunitchatterjee/Desktop/Datasets/ASVspoof2019/LA/LA/ASVspoof2019_LA_train/flac/LA_T_9063133.flac
train,LA_0088,LA_T_4916450,A01,spoof,/Users/raunitchatterjee/Desktop/Datasets/ASVspoof2019/LA/LA/ASVspoof2019_LA_train/flac/LA_T_4916450.flac
train,LA_0085,LA_T_5226663,A06,spoof,/Users/raunitchatterjee/Desktop/Datasets/ASVspoof2019/LA/LA/ASVspoof2019_LA_train/flac/LA_T_5226663.flac
train,LA_0093,LA_T_4341398,A06,spoof,/Users/raunitchatterjee/Desktop/Datasets/ASVspoof2019/LA/LA/ASVspoof2019_LA_train/flac/LA_T_4341398.flac
train,LA_0087,LA_T_5756121,A03,spoof,/Users/raunitchatterjee/Desktop/Datasets/ASVspoof2019/LA/LA/ASVspoof2019_LA_train/flac/LA_T_5756121.flac
train,LA_0079,LA_T_9752029,A04,spoof,/Users/raunitchatterjee/Desktop/Datasets/ASVspoof2019/LA/LA/ASVspoof2019_LA_train/flac/LA_T_9752029.flac
train,LA_0091,LA_T_6532070,A01,spoof,/Users/raunitchatterjee/Desktop/Datasets/ASVspoof2019/LA/LA/ASVspoof2019_LA_train/flac/LA_T_6532070.flac
train,LA_0088,LA_T_2819021,A01,spoof,/Users/raunitchatterjee/Desktop/Datasets/ASVspoof2019/LA/LA/ASVspoof2019_LA_train/flac/LA_T_2819021.flac
train,LA_0082,LA_T_3779852,A05,spoof,/Users/raunitchatterjee/Desktop/Datasets/ASVspoof2019/LA/LA/ASVspoof2019_LA_train/flac/LA_T_3779852.flac
train,LA_0090,LA_T_7122637,A02,spoof,/Users/raunitchatterjee/Desktop/Datasets/ASVspoof2019/LA/LA/ASVspoof2019_LA_train/flac/LA_T_7122637.flac
train,LA_0085,LA_T_1389482,A03,spoof,/Users/raunitchatterjee/Desktop/Datasets/ASVspoof2019/LA/LA/ASVspoof2019_LA_train/flac/LA_T_1389482.flac
train,LA_0092,LA_T_2307363,A04,spoof,/Users/raunitchatterjee/Desktop/Datasets/ASVspoof2019/LA/LA/ASVspoof2019_LA_train/flac/LA_T_2307363.flac
train,LA_0086,LA_T_6092020,A06,spoof,/Users/raunitchatterjee/Desktop/Datasets/ASVspoof2019/LA/LA/ASVspoof2019_LA_train/flac/LA_T_6092020.flac
train,LA_0091,LA_T_8136900,A02,spoof,/Users/raunitchatterjee/Desktop/Datasets/ASVspoof2019/LA/LA/ASVspoof2019_LA_train/flac/LA_T_8136900.flac
train,LA_0088,LA_T_2423846,A02,spoof,/Users/raunitchatterjee/Desktop/Datasets/ASVspoof2019/LA/LA/ASVspoof2019_LA_train/flac/LA_T_2423846.flac
train,LA_0093,LA_T_1857723,A04,spoof,/Users/raunitchatterjee/Desktop/Datasets/ASVspoof2019/LA/LA/ASVspoof2019_LA_train/flac/LA_T_1857723.flac
train,LA_0083,LA_T_9279882,A06,spoof,/Users/raunitchatterjee/Desktop/Datasets/ASVspoof2019/LA/LA/ASVspoof2019_LA_train/flac/LA_T_9279882.flac
train,LA_0087,LA_T_5474509,A05,spoof,/Users/raunitchatterjee/Desktop/Datasets/ASVspoof2019/LA/LA/ASVspoof2019_LA_train/flac/LA_T_5474509.flac
train,LA_0091,LA_T_8069061,A03,spoof,/Users/raunitchatterjee/Desktop/Datasets/ASVspoof2019/LA/LA/ASVspoof2019_LA_train/flac/LA_T_8069061.flac
train,LA_0084,LA_T_8756119,A02,spoof,/Users/raunitchatterjee/Desktop/Datasets/ASVspoof2019/LA/LA/ASVspoof2019_LA_train/flac/LA_T_8756119.flac
train,LA_0087,LA_T_2259055,A01,spoof,/Users/raunitchatterjee/Desktop/Datasets/ASVspoof2019/LA/LA/ASVspoof2019_LA_train/flac/LA_T_2259055.flac
train,LA_0090,LA_T_1595382,A02,spoof,/Users/raunitchatterjee/Desktop/Datasets/ASVspoof2019/LA/LA/ASVspoof2019_LA_train/flac/LA_T_1595382.flac
train,LA_0080,LA_T_5434431,A06,spoof,/Users/raunitchatterjee/Desktop/Datasets/ASVspoof2019/LA/LA/ASVspoof2019_LA_train/flac/LA_T_5434431.flac
train,LA_0098,LA_T_4844842,A02,spoof,/Users/raunitchatterjee/Desktop/Datasets/ASVspoof2019/LA/LA/ASVspoof2019_LA_train/flac/LA_T_4844842.flac
train,LA_0095,LA_T_6093581,A02,spoof,/Users/raunitchatterjee/Desktop/Datasets/ASVspoof2019/LA/LA/ASVspoof2019_LA_train/flac/LA_T_6093581.flac
train,LA_0080,LA_T_2425472,A06,spoof,/Users/raunitchatterjee/Desktop/Datasets/ASVspoof2019/LA/LA/ASVspoof2019_LA_train/flac/LA_T_2425472.flac
train,LA_0088,LA_T_5669303,A05,spoof,/Users/raunitchatterjee/Desktop/Datasets/ASVspoof2019/LA/LA/ASVspoof2019_LA_train/flac/LA_T_5669303.flac
train,LA_0094,LA_T_7244422,A01,spoof,/Users/raunitchatterjee/Desktop/Datasets/ASVspoof2019/LA/LA/ASVspoof2019_LA_train/flac/LA_T_7244422.flac
train,LA_0098,LA_T_1779190,A06,spoof,/Users/raunitchatterjee/Desktop/Datasets/ASVspoof2019/LA/LA/ASVspoof2019_LA_train/flac/LA_T_1779190.flac
train,LA_0093,LA_T_3544504,-,bonafide,/Users/raunitchatterjee/Desktop/Datasets/ASVspoof2019/LA/LA/ASVspoof2019_LA_train/flac/LA_T_3544504.flac
train,LA_0082,LA_T_1116030,A04,spoof,/Users/raunitchatterjee/Desktop/Datasets/ASVspoof2019/LA/LA/ASVspoof2019_LA_train/flac/LA_T_1116030.flac
train,LA_0081,LA_T_2176240,A05,spoof,/Users/raunitchatterjee/Desktop/Datasets/ASVspoof2019/LA/LA/ASVspoof2019_LA_train/flac/LA_T_2176240.flac
train,LA_0082,LA_T_3010484,A01,spoof,/Users/raunitchatterjee/Desktop/Datasets/ASVspoof2019/LA/LA/ASVspoof2019_LA_train/flac/LA_T_3010484.flac
train,LA_0098,LA_T_7220873,A02,spoof,/Users/raunitchatterjee/Desktop/Datasets/ASVspoof2019/LA/LA/ASVspoof2019_LA_train/flac/LA_T_7220873.flac
train,LA_0084,LA_T_8822798,A03,spoof,/Users/raunitchatterjee/Desktop/Datasets/ASVspoof2019/LA/LA/ASVspoof2019_LA_train/flac/LA_T_8822798.flac
train,LA_0086,LA_T_5913697,A02,spoof,/Users/raunitchatterjee/Desktop/Datasets/ASVspoof2019/LA/LA/ASVspoof2019_LA_train/flac/LA_T_5913697.flac
train,LA_0096,LA_T_1657411,A02,spoof,/Users/raunitchatterjee/Desktop/Datasets/ASVspoof2019/LA/LA/ASVspoof2019_LA_train/flac/LA_T_1657411.flac
train,LA_0085,LA_T_8138999,A04,spoof,/Users/raunitchatterjee/Desktop/Datasets/ASVspoof2019/LA/LA/ASVspoof2019_LA_train/flac/LA_T_8138999.flac
train,LA_0087,LA_T_3070659,-,bonafide,/Users/raunitchatterjee/Desktop/Datasets/ASVspoof2019/LA/LA/ASVspoof2019_LA_train/flac/LA_T_3070659.flac
train,LA_0091,LA_T_4898851,A04,spoof,/Users/raunitchatterjee/Desktop/Datasets/ASVspoof2019/LA/LA/ASVspoof2019_LA_train/flac/LA_T_4898851.flac
train,LA_0089,LA_T_7619602,A02,spoof,/Users/raunitchatterjee/Desktop/Datasets/ASVspoof2019/LA/LA/ASVspoof2019_LA_train/flac/LA_T_7619602.flac
train,LA_0095,LA_T_1059252,A03,spoof,/Users/raunitchatterjee/Desktop/Datasets/ASVspoof2019/LA/LA/ASVspoof2019_LA_train/flac/LA_T_1059252.flac
train,LA_0081,LA_T_2838481,A05,spoof,/Users/raunitchatterjee/Desktop/Datasets/ASVspoof2019/LA/LA/ASVspoof2019_LA_train/flac/LA_T_2838481.flac
train,LA_0081,LA_T_2911955,A02,spoof,/Users/raunitchatterjee/Desktop/Datasets/ASVspoof2019/LA/LA/ASVspoof2019_LA_train/flac/LA_T_2911955.flac
train,LA_0090,LA_T_1243390,A05,spoof,/Users/raunitchatterjee/Desktop/Datasets/ASVspoof2019/LA/LA/ASVspoof2019_LA_train/flac/LA_T_1243390.flac
train,LA_0086,LA_T_1372872,A05,spoof,/Users/raunitchatterjee/Desktop/Datasets/ASVspoof2019/LA/LA/ASVspoof2019_LA_train/flac/LA_T_1372872.flac
train,LA_0093,LA_T_5832521,A01,spoof,/Users/raunitchatterjee/Desktop/Datasets/ASVspoof2019/LA/LA/ASVspoof2019_LA_train/flac/LA_T_5832521.flac
train,LA_0095,LA_T_9416752,A06,spoof,/Users/raunitchatterjee/Desktop/Datasets/ASVspoof2019/LA/LA/ASVspoof2019_LA_train/flac/LA_T_9416752.flac
train,LA_0085,LA_T_7271221,A01,spoof,/Users/raunitchatterjee/Desktop/Datasets/ASVspoof2019/LA/LA/ASVspoof2019_LA_train/flac/LA_T_7271221.flac
train,LA_0086,LA_T_8524602,A03,spoof,/Users/raunitchatterjee/Desktop/Datasets/ASVspoof2019/LA/LA/ASVspoof2019_LA_train/flac/LA_T_8524602.flac
train,LA_0082,LA_T_5539334,A05,spoof,/Users/raunitchatterjee/Desktop/Datasets/ASVspoof2019/LA/LA/ASVspoof2019_LA_train/flac/LA_T_5539334.flac
train,LA_0098,LA_T_5130982,A02,spoof,/Users/raunitchatterjee/Desktop/Datasets/ASVspoof2019/LA/LA/ASVspoof2019_LA_train/flac/LA_T_5130982.flac
train,LA_0085,LA_T_7674329,-,bonafide,/Users/raunitchatterjee/Desktop/Datasets/ASVspoof2019/LA/LA/ASVspoof2019_LA_train/flac/LA_T_7674329.flac
train,LA_0093,LA_T_1245548,A04,spoof,/Users/raunitchatterjee/Desktop/Datasets/ASVspoof2019/LA/LA/ASVspoof2019_LA_train/flac/LA_T_1245548.flac
train,LA_0089,LA_T_5565624,-,bonafide,/Users/raunitchatterjee/Desktop/Datasets/ASVspoof2019/LA/LA/ASVspoof2019_LA_train/flac/LA_T_5565624.flac
train,LA_0098,LA_T_5839533,A04,spoof,/Users/raunitchatterjee/Desktop/Datasets/ASVspoof2019/LA/LA/ASVspoof2019_LA_train/flac/LA_T_5839533.flac
train,LA_0096,LA_T_3196822,A05,spoof,/Users/raunitchatterjee/Desktop/Datasets/ASVspoof2019/LA/LA/ASVspoof2019_LA_train/flac/LA_T_3196822.flac
train,LA_0093,LA_T_2521595,A06,spoof,/Users/raunitchatterjee/Desktop/Datasets/ASVspoof2019/LA/LA/ASVspoof2019_LA_train/flac/LA_T_2521595.flac
train,LA_0094,LA_T_9124467,A03,spoof,/Users/raunitchatterjee/Desktop/Datasets/ASVspoof2019/LA/LA/ASVspoof2019_LA_train/flac/LA_T_9124467.flac
train,LA_0082,LA_T_6161864,A04,spoof,/Users/raunitchatterjee/Desktop/Datasets/ASVspoof2019/LA/LA/ASVspoof2019_LA_train/flac/LA_T_6161864.flac
train,LA_0096,LA_T_6727856,-,bonafide,/Users/raunitchatterjee/Desktop/Datasets/ASVspoof2019/LA/LA/ASVspoof2019_LA_train/flac/LA_T_6727856.flac
train,LA_0084,LA_T_1363868,A05,spoof,/Users/raunitchatterjee/Desktop/Datasets/ASVspoof2019/LA/LA/ASVspoof2019_LA_train/flac/LA_T_1363868.flac
train,LA_0080,LA_T_3427363,A02,spoof,/Users/raunitchatterjee/Desktop/Datasets/ASVspoof2019/LA/LA/ASVspoof2019_LA_train/flac/LA_T_3427363.flac
train,LA_0082,LA_T_6494414,A06,spoof,/Users/raunitchatterjee/Desktop/Datasets/ASVspoof2019/LA/LA/ASVspoof2019_LA_train/flac/LA_T_6494414.flac
train,LA_0080,LA_T_5399126,-,bonafide,/Users/raunitchatterjee/Desktop/Datasets/ASVspoof2019/LA/LA/ASVspoof2019_LA_train/flac/LA_T_5399126.flac
train,LA_0093,LA_T_3935781,A05,spoof,/Users/raunitchatterjee/Desktop/Datasets/ASVspoof2019/LA/LA/ASVspoof2019_LA_train/flac/LA_T_3935781.flac
train,LA_0098,LA_T_5039658,A06,spoof,/Users/raunitchatterjee/Desktop/Datasets/ASVspoof2019/LA/LA/ASVspoof2019_LA_train/flac/LA_T_5039658.flac
train,LA_0088,LA_T_5005371,A06,spoof,/Users/raunitchatterjee/Desktop/Datasets/ASVspoof2019/LA/LA/ASVspoof2019_LA_train/flac/LA_T_5005371.flac
train,LA_0097,LA_T_8154653,A06,spoof,/Users/raunitchatterjee/Desktop/Datasets/ASVspoof2019/LA/LA/ASVspoof2019_LA_train/flac/LA_T_8154653.flac
train,LA_0087,LA_T_8457730,A05,spoof,/Users/raunitchatterjee/Desktop/Datasets/ASVspoof2019/LA/LA/ASVspoof2019_LA_train/flac/LA_T_8457730.flac
train,LA_0090,LA_T_4514510,A02,spoof,/Users/raunitchatterjee/Desktop/Datasets/ASVspoof2019/LA/LA/ASVspoof2019_LA_train/flac/LA_T_4514510.flac
train,LA_0098,LA_T_8849782,A04,spoof,/Users/raunitchatterjee/Desktop/Datasets/ASVspoof2019/LA/LA/ASVspoof2019_LA_train/flac/LA_T_8849782.flac
train,LA_0089,LA_T_1748858,A06,spoof,/Users/raunitchatterjee/Desktop/Datasets/ASVspoof2019/LA/LA/ASVspoof2019_LA_train/flac/LA_T_1748858.flac
train,LA_0096,LA_T_1839608,A05,spoof,/Users/raunitchatterjee/Desktop/Datasets/ASVspoof2019/LA/LA/ASVspoof2019_LA_train/flac/LA_T_1839608.flac
train,LA_0079,LA_T_9657051,A03,spoof,/Users/raunitchatterjee/Desktop/Datasets/ASVspoof2019/LA/LA/ASVspoof2019_LA_train/flac/LA_T_9657051.flac
train,LA_0087,LA_T_6117209,A01,spoof,/Users/raunitchatterjee/Desktop/Datasets/ASVspoof2019/LA/LA/ASVspoof2019_LA_train/flac/LA_T_6117209.flac
train,LA_0091,LA_T_5937046,-,bonafide,/Users/raunitchatterjee/Desktop/Datasets/ASVspoof2019/LA/LA/ASVspoof2019_LA_train/flac/LA_T_5937046.flac
train,LA_0091,LA_T_3832715,A01,spoof,/Users/raunitchatterjee/Desktop/Datasets/ASVspoof2019/LA/LA/ASVspoof2019_LA_train/flac/LA_T_3832715.flac
train,LA_0090,LA_T_6528354,A05,spoof,/Users/raunitchatterjee/Desktop/Datasets/ASVspoof2019/LA/LA/ASVspoof2019_LA_train/flac/LA_T_6528354.flac
train,LA_0085,LA_T_3147391,A06,spoof,/Users/raunitchatterjee/Desktop/Datasets/ASVspoof2019/LA/LA/ASVspoof2019_LA_train/flac/LA_T_3147391.flac
train,LA_0087,LA_T_9435398,A01,spoof,/Users/raunitchatterjee/Desktop/Datasets/ASVspoof2019/LA/LA/ASVspoof2019_LA_train/flac/LA_T_9435398.flac
train,LA_0083,LA_T_9372138,A02,spoof,/Users/raunitchatterjee/Desktop/Datasets/ASVspoof2019/LA/LA/ASVspoof2019_LA_train/flac/LA_T_9372138.flac
train,LA_0092,LA_T_9345319,A01,spoof,/Users/raunitchatterjee/Desktop/Datasets/ASVspoof2019/LA/LA/ASVspoof2019_LA_train/flac/LA_T_9345319.flac
train,LA_0088,LA_T_3784226,A06,spoof,/Users/raunitchatterjee/Desktop/Datasets/ASVspoof2019/LA/LA/ASVspoof2019_LA_train/flac/LA_T_3784226.flac
train,LA_0090,LA_T_6057516,-,bonafide,/Users/raunitchatterjee/Desktop/Datasets/ASVspoof2019/LA/LA/ASVspoof2019_LA_train/flac/LA_T_6057516.flac
train,LA_0088,LA_T_3621218,A02,spoof,/Users/raunitchatterjee/Desktop/Datasets/ASVspoof2019/LA/LA/ASVspoof2019_LA_train/flac/LA_T_3621218.flac
train,LA_0093,LA_T_7509816,A03,spoof,/Users/raunitchatterjee/Desktop/Datasets/ASVspoof2019/LA/LA/ASVspoof2019_LA_train/flac/LA_T_7509816.flac
train,LA_0089,LA_T_5841332,A01,spoof,/Users/raunitchatterjee/Desktop/Datasets/ASVspoof2019/LA/LA/ASVspoof2019_LA_train/flac/LA_T_5841332.flac
train,LA_0097,LA_T_2354823,A01,spoof,/Users/raunitchatterjee/Desktop/Datasets/ASVspoof2019/LA/LA/ASVspoof2019_LA_train/flac/LA_T_2354823.flac
train,LA_0094,LA_T_5989009,-,bonafide,/Users/raunitchatterjee/Desktop/Datasets/ASVspoof2019/LA/LA/ASVspoof2019_LA_train/flac/LA_T_5989009.flac
train,LA_0082,LA_T_6178361,A06,spoof,/Users/raunitchatterjee/Desktop/Datasets/ASVspoof2019/LA/LA/ASVspoof2019_LA_train/flac/LA_T_6178361.flac
train,LA_0092,LA_T_6910301,A04,spoof,/Users/raunitchatterjee/Desktop/Datasets/ASVspoof2019/LA/LA/ASVspoof2019_LA_train/flac/LA_T_6910301.flac
train,LA_0090,LA_T_4309095,A04,spoof,/Users/raunitchatterjee/Desktop/Datasets/ASVspoof2019/LA/LA/ASVspoof2019_LA_train/flac/LA_T_4309095.flac
train,LA_0089,LA_T_6114758,A02,spoof,/Users/raunitchatterjee/Desktop/Datasets/ASVspoof2019/LA/LA/ASVspoof2019_LA_train/flac/LA_T_6114758.flac
train,LA_0096,LA_T_1881781,A02,spoof,/Users/raunitchatterjee/Desktop/Datasets/ASVspoof2019/LA/LA/ASVspoof2019_LA_train/flac/LA_T_1881781.flac
train,LA_0091,LA_T_6372249,A06,spoof,/Users/raunitchatterjee/Desktop/Datasets/ASVspoof2019/LA/LA/ASVspoof2019_LA_train/flac/LA_T_6372249.flac
train,LA_0095,LA_T_7721809,A04,spoof,/Users/raunitchatterjee/Desktop/Datasets/ASVspoof2019/LA/LA/ASVspoof2019_LA_train/flac/LA_T_7721809.flac
train,LA_0083,LA_T_8760338,-,bonafide,/Users/raunitchatterjee/Desktop/Datasets/ASVspoof2019/LA/LA/ASVspoof2019_LA_train/flac/LA_T_8760338.flac
train,LA_0081,LA_T_5108573,A04,spoof,/Users/raunitchatterjee/Desktop/Datasets/ASVspoof2019/LA/LA/ASVspoof2019_LA_train/flac/LA_T_5108573.flac
train,LA_0089,LA_T_5209669,A01,spoof,/Users/raunitchatterjee/Desktop/Datasets/ASVspoof2019/LA/LA/ASVspoof2019_LA_train/flac/LA_T_5209669.flac
train,LA_0095,LA_T_3236590,A02,spoof,/Users/raunitchatterjee/Desktop/Datasets/ASVspoof2019/LA/LA/ASVspoof2019_LA_train/flac/LA_T_3236590.flac
train,LA_0081,LA_T_1239255,A04,spoof,/Users/raunitchatterjee/Desktop/Datasets/ASVspoof2019/LA/LA/ASVspoof2019_LA_train/flac/LA_T_1239255.flac
train,LA_0079,LA_T_2224464,A02,spoof,/Users/raunitchatterjee/Desktop/Datasets/ASVspoof2019/LA/LA/ASVspoof2019_LA_train/flac/LA_T_2224464.flac
train,LA_0084,LA_T_5600966,A01,spoof,/Users/raunitchatterjee/Desktop/Datasets/ASVspoof2019/LA/LA/ASVspoof2019_LA_train/flac/LA_T_5600966.flac
train,LA_0084,LA_T_7998787,A01,spoof,/Users/raunitchatterjee/Desktop/Datasets/ASVspoof2019/LA/LA/ASVspoof2019_LA_train/flac/LA_T_7998787.flac
train,LA_0084,LA_T_1641062,A02,spoof,/Users/raunitchatterjee/Desktop/Datasets/ASVspoof2019/LA/LA/ASVspoof2019_LA_train/flac/LA_T_1641062.flac
train,LA_0081,LA_T_5283006,A05,spoof,/Users/raunitchatterjee/Desktop/Datasets/ASVspoof2019/LA/LA/ASVspoof2019_LA_train/flac/LA_T_5283006.flac
train,LA_0079,LA_T_8596020,A02,spoof,/Users/raunitchatterjee/Desktop/Datasets/ASVspoof2019/LA/LA/ASVspoof2019_LA_train/flac/LA_T_8596020.flac
train,LA_0093,LA_T_8936261,-,bonafide,/Users/raunitchatterjee/Desktop/Datasets/ASVspoof2019/LA/LA/ASVspoof2019_LA_train/flac/LA_T_8936261.flac
train,LA_0097,LA_T_4399205,A03,spoof,/Users/raunitchatterjee/Desktop/Datasets/ASVspoof2019/LA/LA/ASVspoof2019_LA_train/flac/LA_T_4399205.flac
train,LA_0095,LA_T_3922717,A02,spoof,/Users/raunitchatterjee/Desktop/Datasets/ASVspoof2019/LA/LA/ASVspoof2019_LA_train/flac/LA_T_3922717.flac
train,LA_0091,LA_T_3381199,A04,spoof,/Users/raunitchatterjee/Desktop/Datasets/ASVspoof2019/LA/LA/ASVspoof2019_LA_train/flac/LA_T_3381199.flac
train,LA_0084,LA_T_7359075,-,bonafide,/Users/raunitchatterjee/Desktop/Datasets/ASVspoof2019/LA/LA/ASVspoof2019_LA_train/flac/LA_T_7359075.flac
train,LA_0098,LA_T_8993460,-,bonafide,/Users/raunitchatterjee/Desktop/Datasets/ASVspoof2019/LA/LA/ASVspoof2019_LA_train/flac/LA_T_8993460.flac
train,LA_0081,LA_T_7546381,A06,spoof,/Users/raunitchatterjee/Desktop/Datasets/ASVspoof2019/LA/LA/ASVspoof2019_LA_train/flac/LA_T_7546381.flac
train,LA_0092,LA_T_2732387,A01,spoof,/Users/raunitchatterjee/Desktop/Datasets/ASVspoof2019/LA/LA/ASVspoof2019_LA_train/flac/LA_T_2732387.flac
train,LA_0083,LA_T_4997075,A06,spoof,/Users/raunitchatterjee/Desktop/Datasets/ASVspoof2019/LA/LA/ASVspoof2019_LA_train/flac/LA_T_4997075.flac
train,LA_0093,LA_T_3807141,A06,spoof,/Users/raunitchatterjee/Desktop/Datasets/ASVspoof2019/LA/LA/ASVspoof2019_LA_train/flac/LA_T_3807141.flac
train,LA_0089,LA_T_4657357,-,bonafide,/Users/raunitchatterjee/Desktop/Datasets/ASVspoof2019/LA/LA/ASVspoof2019_LA_train/flac/LA_T_4657357.flac
train,LA_0095,LA_T_6239847,A02,spoof,/Users/raunitchatterjee/Desktop/Datasets/ASVspoof2019/LA/LA/ASVspoof2019_LA_train/flac/LA_T_6239847.flac
train,LA_0081,LA_T_3932407,A05,spoof,/Users/raunitchatterjee/Desktop/Datasets/ASVspoof2019/LA/LA/ASVspoof2019_LA_train/flac/LA_T_3932407.flac
train,LA_0080,LA_T_8009291,A06,spoof,/Users/raunitchatterjee/Desktop/Datasets/ASVspoof2019/LA/LA/ASVspoof2019_LA_train/flac/LA_T_8009291.flac
train,LA_0085,LA_T_2888377,A03,spoof,/Users/raunitchatterjee/Desktop/Datasets/ASVspoof2019/LA/LA/ASVspoof2019_LA_train/flac/LA_T_2888377.flac
train,LA_0086,LA_T_2134162,A02,spoof,/Users/raunitchatterjee/Desktop/Datasets/ASVspoof2019/LA/LA/ASVspoof2019_LA_train/flac/LA_T_2134162.flac
train,LA_0093,LA_T_9755947,A06,spoof,/Users/raunitchatterjee/Desktop/Datasets/ASVspoof2019/LA/LA/ASVspoof2019_LA_train/flac/LA_T_9755947.flac
train,LA_0079,LA_T_6626053,A03,spoof,/Users/raunitchatterjee/Desktop/Datasets/ASVspoof2019/LA/LA/ASVspoof2019_LA_train/flac/LA_T_6626053.flac
train,LA_0098,LA_T_9018595,A02,spoof,/Users/raunitchatterjee/Desktop/Datasets/ASVspoof2019/LA/LA/ASVspoof2019_LA_train/flac/LA_T_9018595.flac
train,LA_0086,LA_T_6023182,A05,spoof,/Users/raunitchatterjee/Desktop/Datasets/ASVspoof2019/LA/LA/ASVspoof2019_LA_train/flac/LA_T_6023182.flac
train,LA_0083,LA_T_8417781,A01,spoof,/Users/raunitchatterjee/Desktop/Datasets/ASVspoof2019/LA/LA/ASVspoof2019_LA_train/flac/LA_T_8417781.flac
train,LA_0091,LA_T_3738895,A05,spoof,/Users/raunitchatterjee/Desktop/Datasets/ASVspoof2019/LA/LA/ASVspoof2019_LA_train/flac/LA_T_3738895.flac
train,LA_0095,LA_T_8363686,-,bonafide,/Users/raunitchatterjee/Desktop/Datasets/ASVspoof2019/LA/LA/ASVspoof2019_LA_train/flac/LA_T_8363686.flac
train,LA_0095,LA_T_2972617,A06,spoof,/Users/raunitchatterjee/Desktop/Datasets/ASVspoof2019/LA/LA/ASVspoof2019_LA_train/flac/LA_T_2972617.flac
train,LA_0095,LA_T_7747296,A06,spoof,/Users/raunitchatterjee/Desktop/Datasets/ASVspoof2019/LA/LA/ASVspoof2019_LA_train/flac/LA_T_7747296.flac
train,LA_0081,LA_T_3786722,A04,spoof,/Users/raunitchatterjee/Desktop/Datasets/ASVspoof2019/LA/LA/ASVspoof2019_LA_train/flac/LA_T_3786722.flac
train,LA_0079,LA_T_9727528,A01,spoof,/Users/raunitchatterjee/Desktop/Datasets/ASVspoof2019/LA/LA/ASVspoof2019_LA_train/flac/LA_T_9727528.flac
train,LA_0090,LA_T_9378157,-,bonafide,/Users/raunitchatterjee/Desktop/Datasets/ASVspoof2019/LA/LA/ASVspoof2019_LA_train/flac/LA_T_9378157.flac
train,LA_0085,LA_T_7439168,A04,spoof,/Users/raunitchatterjee/Desktop/Datasets/ASVspoof2019/LA/LA/ASVspoof2019_LA_train/flac/LA_T_7439168.flac
train,LA_0081,LA_T_2888246,-,bonafide,/Users/raunitchatterjee/Desktop/Datasets/ASVspoof2019/LA/LA/ASVspoof2019_LA_train/flac/LA_T_2888246.flac
train,LA_0094,LA_T_4291421,A03,spoof,/Users/raunitchatterjee/Desktop/Datasets/ASVspoof2019/LA/LA/ASVspoof2019_LA_train/flac/LA_T_4291421.flac
train,LA_0090,LA_T_8634910,A02,spoof,/Users/raunitchatterjee/Desktop/Datasets/ASVspoof2019/LA/LA/ASVspoof2019_LA_train/flac/LA_T_8634910.flac
train,LA_0092,LA_T_6132413,A01,spoof,/Users/raunitchatterjee/Desktop/Datasets/ASVspoof2019/LA/LA/ASVspoof2019_LA_train/flac/LA_T_6132413.flac
train,LA_0090,LA_T_4484196,-,bonafide,/Users/raunitchatterjee/Desktop/Datasets/ASVspoof2019/LA/LA/ASVspoof2019_LA_train/flac/LA_T_4484196.flac
train,LA_0094,LA_T_5625564,A06,spoof,/Users/raunitchatterjee/Desktop/Datasets/ASVspoof2019/LA/LA/ASVspoof2019_LA_train/flac/LA_T_5625564.flac
train,LA_0079,LA_T_4097871,A04,spoof,/Users/raunitchatterjee/Desktop/Datasets/ASVspoof2019/LA/LA/ASVspoof2019_LA_train/flac/LA_T_4097871.flac
train,LA_0093,LA_T_7067378,A05,spoof,/Users/raunitchatterjee/Desktop/Datasets/ASVspoof2019/LA/LA/ASVspoof2019_LA_train/flac/LA_T_7067378.flac
train,LA_0081,LA_T_1379357,A04,spoof,/Users/raunitchatterjee/Desktop/Datasets/ASVspoof2019/LA/LA/ASVspoof2019_LA_train/flac/LA_T_1379357.flac
train,LA_0084,LA_T_3076314,A04,spoof,/Users/raunitchatterjee/Desktop/Datasets/ASVspoof2019/LA/LA/ASVspoof2019_LA_train/flac/LA_T_3076314.flac
train,LA_0085,LA_T_4652945,A03,spoof,/Users/raunitchatterjee/Desktop/Datasets/ASVspoof2019/LA/LA/ASVspoof2019_LA_train/flac/LA_T_4652945.flac
train,LA_0086,LA_T_5520907,-,bonafide,/Users/raunitchatterjee/Desktop/Datasets/ASVspoof2019/LA/LA/ASVspoof2019_LA_train/flac/LA_T_5520907.flac
train,LA_0098,LA_T_5294953,A04,spoof,/Users/raunitchatterjee/Desktop/Datasets/ASVspoof2019/LA/LA/ASVspoof2019_LA_train/flac/LA_T_5294953.flac
train,LA_0085,LA_T_2203340,A04,spoof,/Users/raunitchatterjee/Desktop/Datasets/ASVspoof2019/LA/LA/ASVspoof2019_LA_train/flac/LA_T_2203340.flac
train,LA_0087,LA_T_2147889,A01,spoof,/Users/raunitchatterjee/Desktop/Datasets/ASVspoof2019/LA/LA/ASVspoof2019_LA_train/flac/LA_T_2147889.flac
train,LA_0093,LA_T_6004292,A03,spoof,/Users/raunitchatterjee/Desktop/Datasets/ASVspoof2019/LA/LA/ASVspoof2019_LA_train/flac/LA_T_6004292.flac
train,LA_0091,LA_T_6796351,A05,spoof,/Users/raunitchatterjee/Desktop/Datasets/ASVspoof2019/LA/LA/ASVspoof2019_LA_train/flac/LA_T_6796351.flac
train,LA_0081,LA_T_8024102,A03,spoof,/Users/raunitchatterjee/Desktop/Datasets/ASVspoof2019/LA/LA/ASVspoof2019_LA_train/flac/LA_T_8024102.flac
train,LA_0089,LA_T_1065455,A03,spoof,/Users/raunitchatterjee/Desktop/Datasets/ASVspoof2019/LA/LA/ASVspoof2019_LA_train/flac/LA_T_1065455.flac
train,LA_0090,LA_T_8254024,A02,spoof,/Users/raunitchatterjee/Desktop/Datasets/ASVspoof2019/LA/LA/ASVspoof2019_LA_train/flac/LA_T_8254024.flac
train,LA_0095,LA_T_3950861,A03,spoof,/Users/raunitchatterjee/Desktop/Datasets/ASVspoof2019/LA/LA/ASVspoof2019_LA_train/flac/LA_T_3950861.flac
train,LA_0092,LA_T_7284590,A02,spoof,/Users/raunitchatterjee/Desktop/Datasets/ASVspoof2019/LA/LA/ASVspoof2019_LA_train/flac/LA_T_7284590.flac
train,LA_0096,LA_T_6512788,A05,spoof,/Users/raunitchatterjee/Desktop/Datasets/ASVspoof2019/LA/LA/ASVspoof2019_LA_train/flac/LA_T_6512788.flac
train,LA_0093,LA_T_1509895,-,bonafide,/Users/raunitchatterjee/Desktop/Datasets/ASVspoof2019/LA/LA/ASVspoof2019_LA_train/flac/LA_T_1509895.flac
train,LA_0089,LA_T_4080381,A03,spoof,/Users/raunitchatterjee/Desktop/Datasets/ASVspoof2019/LA/LA/ASVspoof2019_LA_train/flac/LA_T_4080381.flac
train,LA_0094,LA_T_1521375,A02,spoof,/Users/raunitchatterjee/Desktop/Datasets/ASVspoof2019/LA/LA/ASVspoof2019_LA_train/flac/LA_T_1521375.flac
train,LA_0096,LA_T_5866788,A04,spoof,/Users/raunitchatterjee/Desktop/Datasets/ASVspoof2019/LA/LA/ASVspoof2019_LA_train/flac/LA_T_5866788.flac
train,LA_0094,LA_T_6618256,A03,spoof,/Users/raunitchatterjee/Desktop/Datasets/ASVspoof2019/LA/LA/ASVspoof2019_LA_train/flac/LA_T_6618256.flac
train,LA_0083,LA_T_9975312,A05,spoof,/Users/raunitchatterjee/Desktop/Datasets/ASVspoof2019/LA/LA/ASVspoof2019_LA_train/flac/LA_T_9975312.flac
train,LA_0091,LA_T_8251938,A04,spoof,/Users/raunitchatterjee/Desktop/Datasets/ASVspoof2019/LA/LA/ASVspoof2019_LA_train/flac/LA_T_8251938.flac
train,LA_0095,LA_T_8042929,A01,spoof,/Users/raunitchatterjee/Desktop/Datasets/ASVspoof2019/LA/LA/ASVspoof2019_LA_train/flac/LA_T_8042929.flac
train,LA_0097,LA_T_6828754,A01,spoof,/Users/raunitchatterjee/Desktop/Datasets/ASVspoof2019/LA/LA/ASVspoof2019_LA_train/flac/LA_T_6828754.flac
train,LA_0084,LA_T_2298291,A05,spoof,/Users/raunitchatterjee/Desktop/Datasets/ASVspoof2019/LA/LA/ASVspoof2019_LA_train/flac/LA_T_2298291.flac
train,LA_0079,LA_T_7264629,A02,spoof,/Users/raunitchatterjee/Desktop/Datasets/ASVspoof2019/LA/LA/ASVspoof2019_LA_train/flac/LA_T_7264629.flac
train,LA_0082,LA_T_9830298,A02,spoof,/Users/raunitchatterjee/Desktop/Datasets/ASVspoof2019/LA/LA/ASVspoof2019_LA_train/flac/LA_T_9830298.flac
train,LA_0093,LA_T_9308598,A05,spoof,/Users/raunitchatterjee/Desktop/Datasets/ASVspoof2019/LA/LA/ASVspoof2019_LA_train/flac/LA_T_9308598.flac
train,LA_0093,LA_T_4380804,A06,spoof,/Users/raunitchatterjee/Desktop/Datasets/ASVspoof2019/LA/LA/ASVspoof2019_LA_train/flac/LA_T_4380804.flac
train,LA_0096,LA_T_1594781,A05,spoof,/Users/raunitchatterjee/Desktop/Datasets/ASVspoof2019/LA/LA/ASVspoof2019_LA_train/flac/LA_T_1594781.flac
train,LA_0081,LA_T_6284545,A05,spoof,/Users/raunitchatterjee/Desktop/Datasets/ASVspoof2019/LA/LA/ASVspoof2019_LA_train/flac/LA_T_6284545.flac
train,LA_0093,LA_T_6918070,A01,spoof,/Users/raunitchatterjee/Desktop/Datasets/ASVspoof2019/LA/LA/ASVspoof2019_LA_train/flac/LA_T_6918070.flac
train,LA_0093,LA_T_4160274,A05,spoof,/Users/raunitchatterjee/Desktop/Datasets/ASVspoof2019/LA/LA/ASVspoof2019_LA_train/flac/LA_T_4160274.flac
train,LA_0089,LA_T_3161080,A06,spoof,/Users/raunitchatterjee/Desktop/Datasets/ASVspoof2019/LA/LA/ASVspoof2019_LA_train/flac/LA_T_3161080.flac
train,LA_0080,LA_T_5812900,A01,spoof,/Users/raunitchatterjee/Desktop/Datasets/ASVspoof2019/LA/LA/ASVspoof2019_LA_train/flac/LA_T_5812900.flac
train,LA_0084,LA_T_8310440,A05,spoof,/Users/raunitchatterjee/Desktop/Datasets/ASVspoof2019/LA/LA/ASVspoof2019_LA_train/flac/LA_T_8310440.flac
train,LA_0096,LA_T_3239152,A04,spoof,/Users/raunitchatterjee/Desktop/Datasets/ASVspoof2019/LA/LA/ASVspoof2019_LA_train/flac/LA_T_3239152.flac
train,LA_0098,LA_T_4494210,A04,spoof,/Users/raunitchatterjee/Desktop/Datasets/ASVspoof2019/LA/LA/ASVspoof2019_LA_train/flac/LA_T_4494210.flac
train,LA_0088,LA_T_9760409,A05,spoof,/Users/raunitchatterjee/Desktop/Datasets/ASVspoof2019/LA/LA/ASVspoof2019_LA_train/flac/LA_T_9760409.flac
train,LA_0090,LA_T_1987048,A05,spoof,/Users/raunitchatterjee/Desktop/Datasets/ASVspoof2019/LA/LA/ASVspoof2019_LA_train/flac/LA_T_1987048.flac
train,LA_0080,LA_T_8862952,A01,spoof,/Users/raunitchatterjee/Desktop/Datasets/ASVspoof2019/LA/LA/ASVspoof2019_LA_train/flac/LA_T_8862952.flac
train,LA_0096,LA_T_5299997,A04,spoof,/Users/raunitchatterjee/Desktop/Datasets/ASVspoof2019/LA/LA/ASVspoof2019_LA_train/flac/LA_T_5299997.flac
train,LA_0090,LA_T_8664687,A01,spoof,/Users/raunitchatterjee/Desktop/Datasets/ASVspoof2019/LA/LA/ASVspoof2019_LA_train/flac/LA_T_8664687.flac
train,LA_0094,LA_T_6468203,A03,spoof,/Users/raunitchatterjee/Desktop/Datasets/ASVspoof2019/LA/LA/ASVspoof2019_LA_train/flac/LA_T_6468203.flac
train,LA_0094,LA_T_3475018,A03,spoof,/Users/raunitchatterjee/Desktop/Datasets/ASVspoof2019/LA/LA/ASVspoof2019_LA_train/flac/LA_T_3475018.flac
train,LA_0085,LA_T_2011073,A01,spoof,/Users/raunitchatterjee/Desktop/Datasets/ASVspoof2019/LA/LA/ASVspoof2019_LA_train/flac/LA_T_2011073.flac
train,LA_0093,LA_T_9128604,A05,spoof,/Users/raunitchatterjee/Desktop/Datasets/ASVspoof2019/LA/LA/ASVspoof2019_LA_train/flac/LA_T_9128604.flac
train,LA_0095,LA_T_8104376,A02,spoof,/Users/raunitchatterjee/Desktop/Datasets/ASVspoof2019/LA/LA/ASVspoof2019_LA_train/flac/LA_T_8104376.flac
train,LA_0091,LA_T_2784123,A04,spoof,/Users/raunitchatterjee/Desktop/Datasets/ASVspoof2019/LA/LA/ASVspoof2019_LA_train/flac/LA_T_2784123.flac
train,LA_0092,LA_T_7765991,A02,spoof,/Users/raunitchatterjee/Desktop/Datasets/ASVspoof2019/LA/LA/ASVspoof2019_LA_train/flac/LA_T_7765991.flac
train,LA_0095,LA_T_3008105,A01,spoof,/Users/raunitchatterjee/Desktop/Datasets/ASVspoof2019/LA/LA/ASVspoof2019_LA_train/flac/LA_T_3008105.flac
train,LA_0081,LA_T_8833910,A01,spoof,/Users/raunitchatterjee/Desktop/Datasets/ASVspoof2019/LA/LA/ASVspoof2019_LA_train/flac/LA_T_8833910.flac
train,LA_0095,LA_T_2101297,A05,spoof,/Users/raunitchatterjee/Desktop/Datasets/ASVspoof2019/LA/LA/ASVspoof2019_LA_train/flac/LA_T_2101297.flac
train,LA_0080,LA_T_7646072,A05,spoof,/Users/raunitchatterjee/Desktop/Datasets/ASVspoof2019/LA/LA/ASVspoof2019_LA_train/flac/LA_T_7646072.flac
train,LA_0080,LA_T_6829940,A02,spoof,/Users/raunitchatterjee/Desktop/Datasets/ASVspoof2019/LA/LA/ASVspoof2019_LA_train/flac/LA_T_6829940.flac
train,LA_0091,LA_T_2349426,A02,spoof,/Users/raunitchatterjee/Desktop/Datasets/ASVspoof2019/LA/LA/ASVspoof2019_LA_train/flac/LA_T_2349426.flac
train,LA_0088,LA_T_9665519,A06,spoof,/Users/raunitchatterjee/Desktop/Datasets/ASVspoof2019/LA/LA/ASVspoof2019_LA_train/flac/LA_T_9665519.flac
train,LA_0088,LA_T_9373911,A03,spoof,/Users/raunitchatterjee/Desktop/Datasets/ASVspoof2019/LA/LA/ASVspoof2019_LA_train/flac/LA_T_9373911.flac
train,LA_0087,LA_T_6869036,A03,spoof,/Users/raunitchatterjee/Desktop/Datasets/ASVspoof2019/LA/LA/ASVspoof2019_LA_train/flac/LA_T_6869036.flac
train,LA_0088,LA_T_9882233,A06,spoof,/Users/raunitchatterjee/Desktop/Datasets/ASVspoof2019/LA/LA/ASVspoof2019_LA_train/flac/LA_T_9882233.flac
train,LA_0087,LA_T_7444037,A03,spoof,/Users/raunitchatterjee/Desktop/Datasets/ASVspoof2019/LA/LA/ASVspoof2019_LA_train/flac/LA_T_7444037.flac
train,LA_0093,LA_T_6331315,A06,spoof,/Users/raunitchatterjee/Desktop/Datasets/ASVspoof2019/LA/LA/ASVspoof2019_LA_train/flac/LA_T_6331315.flac
train,LA_0092,LA_T_7404262,A04,spoof,/Users/raunitchatterjee/Desktop/Datasets/ASVspoof2019/LA/LA/ASVspoof2019_LA_train/flac/LA_T_7404262.flac
train,LA_0083,LA_T_6482944,A01,spoof,/Users/raunitchatterjee/Desktop/Datasets/ASVspoof2019/LA/LA/ASVspoof2019_LA_train/flac/LA_T_6482944.flac
train,LA_0089,LA_T_3957967,A02,spoof,/Users/raunitchatterjee/Desktop/Datasets/ASVspoof2019/LA/LA/ASVspoof2019_LA_train/flac/LA_T_3957967.flac
train,LA_0086,LA_T_7179410,-,bonafide,/Users/raunitchatterjee/Desktop/Datasets/ASVspoof2019/LA/LA/ASVspoof2019_LA_train/flac/LA_T_7179410.flac
train,LA_0081,LA_T_2333324,A05,spoof,/Users/raunitchatterjee/Desktop/Datasets/ASVspoof2019/LA/LA/ASVspoof2019_LA_train/flac/LA_T_2333324.flac
train,LA_0086,LA_T_2810942,A03,spoof,/Users/raunitchatterjee/Desktop/Datasets/ASVspoof2019/LA/LA/ASVspoof2019_LA_train/flac/LA_T_2810942.flac
train,LA_0093,LA_T_1353924,A03,spoof,/Users/raunitchatterjee/Desktop/Datasets/ASVspoof2019/LA/LA/ASVspoof2019_LA_train/flac/LA_T_1353924.flac
train,LA_0095,LA_T_9459571,A06,spoof,/Users/raunitchatterjee/Desktop/Datasets/ASVspoof2019/LA/LA/ASVspoof2019_LA_train/flac/LA_T_9459571.flac
train,LA_0079,LA_T_7199383,A05,spoof,/Users/raunitchatterjee/Desktop/Datasets/ASVspoof2019/LA/LA/ASVspoof2019_LA_train/flac/LA_T_7199383.flac
train,LA_0084,LA_T_1076943,A01,spoof,/Users/raunitchatterjee/Desktop/Datasets/ASVspoof2019/LA/LA/ASVspoof2019_LA_train/flac/LA_T_1076943.flac
train,LA_0083,LA_T_8667111,A06,spoof,/Users/raunitchatterjee/Desktop/Datasets/ASVspoof2019/LA/LA/ASVspoof2019_LA_train/flac/LA_T_8667111.flac
train,LA_0087,LA_T_9544820,-,bonafide,/Users/raunitchatterjee/Desktop/Datasets/ASVspoof2019/LA/LA/ASVspoof2019_LA_train/flac/LA_T_9544820.flac
train,LA_0096,LA_T_1578676,A06,spoof,/Users/raunitchatterjee/Desktop/Datasets/ASVspoof2019/LA/LA/ASVspoof2019_LA_train/flac/LA_T_1578676.flac
train,LA_0088,LA_T_5593727,A06,spoof,/Users/raunitchatterjee/Desktop/Datasets/ASVspoof2019/LA/LA/ASVspoof2019_LA_train/flac/LA_T_5593727.flac
train,LA_0087,LA_T_4414705,A05,spoof,/Users/raunitchatterjee/Desktop/Datasets/ASVspoof2019/LA/LA/ASVspoof2019_LA_train/flac/LA_T_4414705.flac
train,LA_0085,LA_T_4186439,A01,spoof,/Users/raunitchatterjee/Desktop/Datasets/ASVspoof2019/LA/LA/ASVspoof2019_LA_train/flac/LA_T_4186439.flac
train,LA_0086,LA_T_7165351,A06,spoof,/Users/raunitchatterjee/Desktop/Datasets/ASVspoof2019/LA/LA/ASVspoof2019_LA_train/flac/LA_T_7165351.flac
train,LA_0083,LA_T_5880273,A04,spoof,/Users/raunitchatterjee/Desktop/Datasets/ASVspoof2019/LA/LA/ASVspoof2019_LA_train/flac/LA_T_5880273.flac
train,LA_0090,LA_T_9883669,A02,spoof,/Users/raunitchatterjee/Desktop/Datasets/ASVspoof2019/LA/LA/ASVspoof2019_LA_train/flac/LA_T_9883669.flac
train,LA_0087,LA_T_6676695,A04,spoof,/Users/raunitchatterjee/Desktop/Datasets/ASVspoof2019/LA/LA/ASVspoof2019_LA_train/flac/LA_T_6676695.flac
train,LA_0098,LA_T_7174104,A05,spoof,/Users/raunitchatterjee/Desktop/Datasets/ASVspoof2019/LA/LA/ASVspoof2019_LA_train/flac/LA_T_7174104.flac
train,LA_0098,LA_T_6150176,A05,spoof,/Users/raunitchatterjee/Desktop/Datasets/ASVspoof2019/LA/LA/ASVspoof2019_LA_train/flac/LA_T_6150176.flac
train,LA_0094,LA_T_9157367,A05,spoof,/Users/raunitchatterjee/Desktop/Datasets/ASVspoof2019/LA/LA/ASVspoof2019_LA_train/flac/LA_T_9157367.flac
train,LA_0096,LA_T_9362489,A03,spoof,/Users/raunitchatterjee/Desktop/Datasets/ASVspoof2019/LA/LA/ASVspoof2019_LA_train/flac/LA_T_9362489.flac
train,LA_0089,LA_T_1415230,A05,spoof,/Users/raunitchatterjee/Desktop/Datasets/ASVspoof2019/LA/LA/ASVspoof2019_LA_train/flac/LA_T_1415230.flac
train,LA_0097,LA_T_6242186,A02,spoof,/Users/raunitchatterjee/Desktop/Datasets/ASVspoof2019/LA/LA/ASVspoof2019_LA_train/flac/LA_T_6242186.flac
train,LA_0080,LA_T_3743948,A05,spoof,/Users/raunitchatterjee/Desktop/Datasets/ASVspoof2019/LA/LA/ASVspoof2019_LA_train/flac/LA_T_3743948.flac
train,LA_0085,LA_T_1531118,A03,spoof,/Users/raunitchatterjee/Desktop/Datasets/ASVspoof2019/LA/LA/ASVspoof2019_LA_train/flac/LA_T_1531118.flac
train,LA_0090,LA_T_2235408,A06,spoof,/Users/raunitchatterjee/Desktop/Datasets/ASVspoof2019/LA/LA/ASVspoof2019_LA_train/flac/LA_T_2235408.flac
train,LA_0089,LA_T_8434893,A05,spoof,/Users/raunitchatterjee/Desktop/Datasets/ASVspoof2019/LA/LA/ASVspoof2019_LA_train/flac/LA_T_8434893.flac
train,LA_0089,LA_T_3708818,A06,spoof,/Users/raunitchatterjee/Desktop/Datasets/ASVspoof2019/LA/LA/ASVspoof2019_LA_train/flac/LA_T_3708818.flac
train,LA_0087,LA_T_9285199,A01,spoof,/Users/raunitchatterjee/Desktop/Datasets/ASVspoof2019/LA/LA/ASVspoof2019_LA_train/flac/LA_T_9285199.flac
train,LA_0081,LA_T_3630477,A02,spoof,/Users/raunitchatterjee/Desktop/Datasets/ASVspoof2019/LA/LA/ASVspoof2019_LA_train/flac/LA_T_3630477.flac
train,LA_0094,LA_T_2920928,A01,spoof,/Users/raunitchatterjee/Desktop/Datasets/ASVspoof2019/LA/LA/ASVspoof2019_LA_train/flac/LA_T_2920928.flac
train,LA_0097,LA_T_7433194,A05,spoof,/Users/raunitchatterjee/Desktop/Datasets/ASVspoof2019/LA/LA/ASVspoof2019_LA_train/flac/LA_T_7433194.flac
train,LA_0096,LA_T_9918579,A04,spoof,/Users/raunitchatterjee/Desktop/Datasets/ASVspoof2019/LA/LA/ASVspoof2019_LA_train/flac/LA_T_9918579.flac
train,LA_0085,LA_T_8787839,A04,spoof,/Users/raunitchatterjee/Desktop/Datasets/ASVspoof2019/LA/LA/ASVspoof2019_LA_train/flac/LA_T_8787839.flac
train,LA_0079,LA_T_3386499,A05,spoof,/Users/raunitchatterjee/Desktop/Datasets/ASVspoof2019/LA/LA/ASVspoof2019_LA_train/flac/LA_T_3386499.flac
train,LA_0080,LA_T_1455369,A03,spoof,/Users/raunitchatterjee/Desktop/Datasets/ASVspoof2019/LA/LA/ASVspoof2019_LA_train/flac/LA_T_1455369.flac
train,LA_0083,LA_T_9447242,A02,spoof,/Users/raunitchatterjee/Desktop/Datasets/ASVspoof2019/LA/LA/ASVspoof2019_LA_train/flac/LA_T_9447242.flac
train,LA_0079,LA_T_6787640,A03,spoof,/Users/raunitchatterjee/Desktop/Datasets/ASVspoof2019/LA/LA/ASVspoof2019_LA_train/flac/LA_T_6787640.flac
train,LA_0079,LA_T_9015015,A01,spoof,/Users/raunitchatterjee/Desktop/Datasets/ASVspoof2019/LA/LA/ASVspoof2019_LA_train/flac/LA_T_9015015.flac
train,LA_0085,LA_T_1965460,A01,spoof,/Users/raunitchatterjee/Desktop/Datasets/ASVspoof2019/LA/LA/ASVspoof2019_LA_train/flac/LA_T_1965460.flac
train,LA_0079,LA_T_7006824,A06,spoof,/Users/raunitchatterjee/Desktop/Datasets/ASVspoof2019/LA/LA/ASVspoof2019_LA_train/flac/LA_T_7006824.flac
train,LA_0079,LA_T_8216213,A03,spoof,/Users/raunitchatterjee/Desktop/Datasets/ASVspoof2019/LA/LA/ASVspoof2019_LA_train/flac/LA_T_8216213.flac
train,LA_0089,LA_T_2555512,A02,spoof,/Users/raunitchatterjee/Desktop/Datasets/ASVspoof2019/LA/LA/ASVspoof2019_LA_train/flac/LA_T_2555512.flac
train,LA_0088,LA_T_3442368,A04,spoof,/Users/raunitchatterjee/Desktop/Datasets/ASVspoof2019/LA/LA/ASVspoof2019_LA_train/flac/LA_T_3442368.flac
train,LA_0096,LA_T_6022320,A01,spoof,/Users/raunitchatterjee/Desktop/Datasets/ASVspoof2019/LA/LA/ASVspoof2019_LA_train/flac/LA_T_6022320.flac
train,LA_0093,LA_T_9049898,A02,spoof,/Users/raunitchatterjee/Desktop/Datasets/ASVspoof2019/LA/LA/ASVspoof2019_LA_train/flac/LA_T_9049898.flac
train,LA_0098,LA_T_9627455,A03,spoof,/Users/raunitchatterjee/Desktop/Datasets/ASVspoof2019/LA/LA/ASVspoof2019_LA_train/flac/LA_T_9627455.flac
train,LA_0095,LA_T_5646271,A06,spoof,/Users/raunitchatterjee/Desktop/Datasets/ASVspoof2019/LA/LA/ASVspoof2019_LA_train/flac/LA_T_5646271.flac
train,LA_0083,LA_T_2035811,A05,spoof,/Users/raunitchatterjee/Desktop/Datasets/ASVspoof2019/LA/LA/ASVspoof2019_LA_train/flac/LA_T_2035811.flac
train,LA_0097,LA_T_3810726,A04,spoof,/Users/raunitchatterjee/Desktop/Datasets/ASVspoof2019/LA/LA/ASVspoof2019_LA_train/flac/LA_T_3810726.flac
train,LA_0097,LA_T_7783664,A02,spoof,/Users/raunitchatterjee/Desktop/Datasets/ASVspoof2019/LA/LA/ASVspoof2019_LA_train/flac/LA_T_7783664.flac
train,LA_0082,LA_T_5885312,A03,spoof,/Users/raunitchatterjee/Desktop/Datasets/ASVspoof2019/LA/LA/ASVspoof2019_LA_train/flac/LA_T_5885312.flac
train,LA_0080,LA_T_8731325,A05,spoof,/Users/raunitchatterjee/Desktop/Datasets/ASVspoof2019/LA/LA/ASVspoof2019_LA_train/flac/LA_T_8731325.flac
train,LA_0088,LA_T_8629071,A03,spoof,/Users/raunitchatterjee/Desktop/Datasets/ASVspoof2019/LA/LA/ASVspoof2019_LA_train/flac/LA_T_8629071.flac
train,LA_0094,LA_T_9792877,A03,spoof,/Users/raunitchatterjee/Desktop/Datasets/ASVspoof2019/LA/LA/ASVspoof2019_LA_train/flac/LA_T_9792877.flac
train,LA_0090,LA_T_1821843,-,bonafide,/Users/raunitchatterjee/Desktop/Datasets/ASVspoof2019/LA/LA/ASVspoof2019_LA_train/flac/LA_T_1821843.flac
train,LA_0080,LA_T_4804841,A02,spoof,/Users/raunitchatterjee/Desktop/Datasets/ASVspoof2019/LA/LA/ASVspoof2019_LA_train/flac/LA_T_4804841.flac
train,LA_0090,LA_T_6521045,-,bonafide,/Users/raunitchatterjee/Desktop/Datasets/ASVspoof2019/LA/LA/ASVspoof2019_LA_train/flac/LA_T_6521045.flac
train,LA_0085,LA_T_5683428,A02,spoof,/Users/raunitchatterjee/Desktop/Datasets/ASVspoof2019/LA/LA/ASVspoof2019_LA_train/flac/LA_T_5683428.flac
train,LA_0092,LA_T_7449981,A03,spoof,/Users/raunitchatterjee/Desktop/Datasets/ASVspoof2019/LA/LA/ASVspoof2019_LA_train/flac/LA_T_7449981.flac
train,LA_0098,LA_T_4284963,A02,spoof,/Users/raunitchatterjee/Desktop/Datasets/ASVspoof2019/LA/LA/ASVspoof2019_LA_train/flac/LA_T_4284963.flac
train,LA_0088,LA_T_2456475,A05,spoof,/Users/raunitchatterjee/Desktop/Datasets/ASVspoof2019/LA/LA/ASVspoof2019_LA_train/flac/LA_T_2456475.flac
train,LA_0090,LA_T_8348309,A02,spoof,/Users/raunitchatterjee/Desktop/Datasets/ASVspoof2019/LA/LA/ASVspoof2019_LA_train/flac/LA_T_8348309.flac
train,LA_0090,LA_T_4438475,A02,spoof,/Users/raunitchatterjee/Desktop/Datasets/ASVspoof2019/LA/LA/ASVspoof2019_LA_train/flac/LA_T_4438475.flac
train,LA_0098,LA_T_6334757,-,bonafide,/Users/raunitchatterjee/Desktop/Datasets/ASVspoof2019/LA/LA/ASVspoof2019_LA_train/flac/LA_T_6334757.flac
train,LA_0089,LA_T_5587070,A02,spoof,/Users/raunitchatterjee/Desktop/Datasets/ASVspoof2019/LA/LA/ASVspoof2019_LA_train/flac/LA_T_5587070.flac
train,LA_0095,LA_T_2349049,A04,spoof,/Users/raunitchatterjee/Desktop/Datasets/ASVspoof2019/LA/LA/ASVspoof2019_LA_train/flac/LA_T_2349049.flac
train,LA_0089,LA_T_3427784,A05,spoof,/Users/raunitchatterjee/Desktop/Datasets/ASVspoof2019/LA/LA/ASVspoof2019_LA_train/flac/LA_T_3427784.flac
train,LA_0080,LA_T_5859654,A01,spoof,/Users/raunitchatterjee/Desktop/Datasets/ASVspoof2019/LA/LA/ASVspoof2019_LA_train/flac/LA_T_5859654.flac
train,LA_0097,LA_T_8358392,A04,spoof,/Users/raunitchatterjee/Desktop/Datasets/ASVspoof2019/LA/LA/ASVspoof2019_LA_train/flac/LA_T_8358392.flac
train,LA_0096,LA_T_2900916,A05,spoof,/Users/raunitchatterjee/Desktop/Datasets/ASVspoof2019/LA/LA/ASVspoof2019_LA_train/flac/LA_T_2900916.flac
train,LA_0095,LA_T_1924612,A04,spoof,/Users/raunitchatterjee/Desktop/Datasets/ASVspoof2019/LA/LA/ASVspoof2019_LA_train/flac/LA_T_1924612.flac
train,LA_0085,LA_T_4527427,A03,spoof,/Users/raunitchatterjee/Desktop/Datasets/ASVspoof2019/LA/LA/ASVspoof2019_LA_train/flac/LA_T_4527427.flac
train,LA_0085,LA_T_1344367,A05,spoof,/Users/raunitchatterjee/Desktop/Datasets/ASVspoof2019/LA/LA/ASVspoof2019_LA_train/flac/LA_T_1344367.flac
train,LA_0093,LA_T_2195699,A02,spoof,/Users/raunitchatterjee/Desktop/Datasets/ASVspoof2019/LA/LA/ASVspoof2019_LA_train/flac/LA_T_2195699.flac
train,LA_0094,LA_T_3889383,A05,spoof,/Users/raunitchatterjee/Desktop/Datasets/ASVspoof2019/LA/LA/ASVspoof2019_LA_train/flac/LA_T_3889383.flac
train,LA_0090,LA_T_1962837,A02,spoof,/Users/raunitchatterjee/Desktop/Datasets/ASVspoof2019/LA/LA/ASVspoof2019_LA_train/flac/LA_T_1962837.flac
train,LA_0096,LA_T_9383032,A05,spoof,/Users/raunitchatterjee/Desktop/Datasets/ASVspoof2019/LA/LA/ASVspoof2019_LA_train/flac/LA_T_9383032.flac
train,LA_0083,LA_T_7467565,A01,spoof,/Users/raunitchatterjee/Desktop/Datasets/ASVspoof2019/LA/LA/ASVspoof2019_LA_train/flac/LA_T_7467565.flac
train,LA_0092,LA_T_1529797,A01,spoof,/Users/raunitchatterjee/Desktop/Datasets/ASVspoof2019/LA/LA/ASVspoof2019_LA_train/flac/LA_T_1529797.flac
train,LA_0083,LA_T_8813502,A02,spoof,/Users/raunitchatterjee/Desktop/Datasets/ASVspoof2019/LA/LA/ASVspoof2019_LA_train/flac/LA_T_8813502.flac
train,LA_0093,LA_T_9369156,-,bonafide,/Users/raunitchatterjee/Desktop/Datasets/ASVspoof2019/LA/LA/ASVspoof2019_LA_train/flac/LA_T_9369156.flac
train,LA_0087,LA_T_7761381,A06,spoof,/Users/raunitchatterjee/Desktop/Datasets/ASVspoof2019/LA/LA/ASVspoof2019_LA_train/flac/LA_T_7761381.flac
train,LA_0090,LA_T_3732092,A01,spoof,/Users/raunitchatterjee/Desktop/Datasets/ASVspoof2019/LA/LA/ASVspoof2019_LA_train/flac/LA_T_3732092.flac
train,LA_0091,LA_T_2564241,A05,spoof,/Users/raunitchatterjee/Desktop/Datasets/ASVspoof2019/LA/LA/ASVspoof2019_LA_train/flac/LA_T_2564241.flac
train,LA_0080,LA_T_3414698,A01,spoof,/Users/raunitchatterjee/Desktop/Datasets/ASVspoof2019/LA/LA/ASVspoof2019_LA_train/flac/LA_T_3414698.flac
train,LA_0097,LA_T_5337367,A05,spoof,/Users/raunitchatterjee/Desktop/Datasets/ASVspoof2019/LA/LA/ASVspoof2019_LA_train/flac/LA_T_5337367.flac
train,LA_0082,LA_T_8951192,A03,spoof,/Users/raunitchatterjee/Desktop/Datasets/ASVspoof2019/LA/LA/ASVspoof2019_LA_train/flac/LA_T_8951192.flac
train,LA_0087,LA_T_4314646,A06,spoof,/Users/raunitchatterjee/Desktop/Datasets/ASVspoof2019/LA/LA/ASVspoof2019_LA_train/flac/LA_T_4314646.flac
train,LA_0087,LA_T_6230248,A01,spoof,/Users/raunitchatterjee/Desktop/Datasets/ASVspoof2019/LA/LA/ASVspoof2019_LA_train/flac/LA_T_6230248.flac
train,LA_0091,LA_T_6062006,A03,spoof,/Users/raunitchatterjee/Desktop/Datasets/ASVspoof2019/LA/LA/ASVspoof2019_LA_train/flac/LA_T_6062006.flac
train,LA_0096,LA_T_4548965,A01,spoof,/Users/raunitchatterjee/Desktop/Datasets/ASVspoof2019/LA/LA/ASVspoof2019_LA_train/flac/LA_T_4548965.flac
train,LA_0087,LA_T_1407004,A01,spoof,/Users/raunitchatterjee/Desktop/Datasets/ASVspoof2019/LA/LA/ASVspoof2019_LA_train/flac/LA_T_1407004.flac
train,LA_0079,LA_T_3547668,A05,spoof,/Users/raunitchatterjee/Desktop/Datasets/ASVspoof2019/LA/LA/ASVspoof2019_LA_train/flac/LA_T_3547668.flac
train,LA_0089,LA_T_6651562,A01,spoof,/Users/raunitchatterjee/Desktop/Datasets/ASVspoof2019/LA/LA/ASVspoof2019_LA_train/flac/LA_T_6651562.flac
train,LA_0092,LA_T_3691059,A02,spoof,/Users/raunitchatterjee/Desktop/Datasets/ASVspoof2019/LA/LA/ASVspoof2019_LA_train/flac/LA_T_3691059.flac
train,LA_0092,LA_T_5674433,A02,spoof,/Users/raunitchatterjee/Desktop/Datasets/ASVspoof2019/LA/LA/ASVspoof2019_LA_train/flac/LA_T_5674433.flac
train,LA_0095,LA_T_5885327,A04,spoof,/Users/raunitchatterjee/Desktop/Datasets/ASVspoof2019/LA/LA/ASVspoof2019_LA_train/flac/LA_T_5885327.flac
train,LA_0096,LA_T_8631342,-,bonafide,/Users/raunitchatterjee/Desktop/Datasets/ASVspoof2019/LA/LA/ASVspoof2019_LA_train/flac/LA_T_8631342.flac
train,LA_0081,LA_T_8770489,A01,spoof,/Users/raunitchatterjee/Desktop/Datasets/ASVspoof2019/LA/LA/ASVspoof2019_LA_train/flac/LA_T_8770489.flac
train,LA_0083,LA_T_7159441,A01,spoof,/Users/raunitchatterjee/Desktop/Datasets/ASVspoof2019/LA/LA/ASVspoof2019_LA_train/flac/LA_T_7159441.flac
train,LA_0084,LA_T_1926462,A04,spoof,/Users/raunitchatterjee/Desktop/Datasets/ASVspoof2019/LA/LA/ASVspoof2019_LA_train/flac/LA_T_1926462.flac
train,LA_0096,LA_T_8253083,A01,spoof,/Users/raunitchatterjee/Desktop/Datasets/ASVspoof2019/LA/LA/ASVspoof2019_LA_train/flac/LA_T_8253083.flac
train,LA_0090,LA_T_5892643,A05,spoof,/Users/raunitchatterjee/Desktop/Datasets/ASVspoof2019/LA/LA/ASVspoof2019_LA_train/flac/LA_T_5892643.flac
train,LA_0098,LA_T_7920982,A05,spoof,/Users/raunitchatterjee/Desktop/Datasets/ASVspoof2019/LA/LA/ASVspoof2019_LA_train/flac/LA_T_7920982.flac
train,LA_0087,LA_T_9677560,A02,spoof,/Users/raunitchatterjee/Desktop/Datasets/ASVspoof2019/LA/LA/ASVspoof2019_LA_train/flac/LA_T_9677560.flac
train,LA_0094,LA_T_1278711,A05,spoof,/Users/raunitchatterjee/Desktop/Datasets/ASVspoof2019/LA/LA/ASVspoof2019_LA_train/flac/LA_T_1278711.flac
train,LA_0095,LA_T_6497447,A05,spoof,/Users/raunitchatterjee/Desktop/Datasets/ASVspoof2019/LA/LA/ASVspoof2019_LA_train/flac/LA_T_6497447.flac
train,LA_0098,LA_T_9024395,A01,spoof,/Users/raunitchatterjee/Desktop/Datasets/ASVspoof2019/LA/LA/ASVspoof2019_LA_train/flac/LA_T_9024395.flac
train,LA_0087,LA_T_9538880,A05,spoof,/Users/raunitchatterjee/Desktop/Datasets/ASVspoof2019/LA/LA/ASVspoof2019_LA_train/flac/LA_T_9538880.flac
train,LA_0094,LA_T_3012152,-,bonafide,/Users/raunitchatterjee/Desktop/Datasets/ASVspoof2019/LA/LA/ASVspoof2019_LA_train/flac/LA_T_3012152.flac
train,LA_0087,LA_T_1392727,A06,spoof,/Users/raunitchatterjee/Desktop/Datasets/ASVspoof2019/LA/LA/ASVspoof2019_LA_train/flac/LA_T_1392727.flac
train,LA_0097,LA_T_6635819,A02,spoof,/Users/raunitchatterjee/Desktop/Datasets/ASVspoof2019/LA/LA/ASVspoof2019_LA_train/flac/LA_T_6635819.flac
train,LA_0096,LA_T_4567574,A06,spoof,/Users/raunitchatterjee/Desktop/Datasets/ASVspoof2019/LA/LA/ASVspoof2019_LA_train/flac/LA_T_4567574.flac
train,LA_0087,LA_T_7626810,A06,spoof,/Users/raunitchatterjee/Desktop/Datasets/ASVspoof2019/LA/LA/ASVspoof2019_LA_train/flac/LA_T_7626810.flac
train,LA_0085,LA_T_3894262,A02,spoof,/Users/raunitchatterjee/Desktop/Datasets/ASVspoof2019/LA/LA/ASVspoof2019_LA_train/flac/LA_T_3894262.flac
train,LA_0094,LA_T_8027950,A06,spoof,/Users/raunitchatterjee/Desktop/Datasets/ASVspoof2019/LA/LA/ASVspoof2019_LA_train/flac/LA_T_8027950.flac
train,LA_0080,LA_T_1056344,A01,spoof,/Users/raunitchatterjee/Desktop/Datasets/ASVspoof2019/LA/LA/ASVspoof2019_LA_train/flac/LA_T_1056344.flac
train,LA_0087,LA_T_9336333,A01,spoof,/Users/raunitchatterjee/Desktop/Datasets/ASVspoof2019/LA/LA/ASVspoof2019_LA_train/flac/LA_T_9336333.flac
train,LA_0092,LA_T_6831087,A04,spoof,/Users/raunitchatterjee/Desktop/Datasets/ASVspoof2019/LA/LA/ASVspoof2019_LA_train/flac/LA_T_6831087.flac
train,LA_0096,LA_T_9095432,A03,spoof,/Users/raunitchatterjee/Desktop/Datasets/ASVspoof2019/LA/LA/ASVspoof2019_LA_train/flac/LA_T_9095432.flac
train,LA_0083,LA_T_2406356,-,bonafide,/Users/raunitchatterjee/Desktop/Datasets/ASVspoof2019/LA/LA/ASVspoof2019_LA_train/flac/LA_T_2406356.flac
train,LA_0079,LA_T_7389695,A01,spoof,/Users/raunitchatterjee/Desktop/Datasets/ASVspoof2019/LA/LA/ASVspoof2019_LA_train/flac/LA_T_7389695.flac
train,LA_0096,LA_T_3359462,A03,spoof,/Users/raunitchatterjee/Desktop/Datasets/ASVspoof2019/LA/LA/ASVspoof2019_LA_train/flac/LA_T_3359462.flac
train,LA_0084,LA_T_8902613,A05,spoof,/Users/raunitchatterjee/Desktop/Datasets/ASVspoof2019/LA/LA/ASVspoof2019_LA_train/flac/LA_T_8902613.flac
train,LA_0086,LA_T_4004125,A06,spoof,/Users/raunitchatterjee/Desktop/Datasets/ASVspoof2019/LA/LA/ASVspoof2019_LA_train/flac/LA_T_4004125.flac
train,LA_0088,LA_T_5412857,A02,spoof,/Users/raunitchatterjee/Desktop/Datasets/ASVspoof2019/LA/LA/ASVspoof2019_LA_train/flac/LA_T_5412857.flac
train,LA_0079,LA_T_3247389,-,bonafide,/Users/raunitchatterjee/Desktop/Datasets/ASVspoof2019/LA/LA/ASVspoof2019_LA_train/flac/LA_T_3247389.flac
train,LA_0096,LA_T_3144940,A01,spoof,/Users/raunitchatterjee/Desktop/Datasets/ASVspoof2019/LA/LA/ASVspoof2019_LA_train/flac/LA_T_3144940.flac
train,LA_0096,LA_T_1931103,A03,spoof,/Users/raunitchatterjee/Desktop/Datasets/ASVspoof2019/LA/LA/ASVspoof2019_LA_train/flac/LA_T_1931103.flac
train,LA_0095,LA_T_6099899,A04,spoof,/Users/raunitchatterjee/Desktop/Datasets/ASVspoof2019/LA/LA/ASVspoof2019_LA_train/flac/LA_T_6099899.flac
train,LA_0096,LA_T_4383394,A03,spoof,/Users/raunitchatterjee/Desktop/Datasets/ASVspoof2019/LA/LA/ASVspoof2019_LA_train/flac/LA_T_4383394.flac
train,LA_0089,LA_T_9987731,A06,spoof,/Users/raunitchatterjee/Desktop/Datasets/ASVspoof2019/LA/LA/ASVspoof2019_LA_train/flac/LA_T_9987731.flac
train,LA_0081,LA_T_2098065,A05,spoof,/Users/raunitchatterjee/Desktop/Datasets/ASVspoof2019/LA/LA/ASVspoof2019_LA_train/flac/LA_T_2098065.flac
train,LA_0091,LA_T_5397050,A03,spoof,/Users/raunitchatterjee/Desktop/Datasets/ASVspoof2019/LA/LA/ASVspoof2019_LA_train/flac/LA_T_5397050.flac
train,LA_0092,LA_T_3422813,A01,spoof,/Users/raunitchatterjee/Desktop/Datasets/ASVspoof2019/LA/LA/ASVspoof2019_LA_train/flac/LA_T_3422813.flac
train,LA_0080,LA_T_7280757,A05,spoof,/Users/raunitchatterjee/Desktop/Datasets/ASVspoof2019/LA/LA/ASVspoof2019_LA_train/flac/LA_T_7280757.flac
train,LA_0096,LA_T_8778147,A01,spoof,/Users/raunitchatterjee/Desktop/Datasets/ASVspoof2019/LA/LA/ASVspoof2019_LA_train/flac/LA_T_8778147.flac
train,LA_0086,LA_T_7667078,A02,spoof,/Users/raunitchatterjee/Desktop/Datasets/ASVspoof2019/LA/LA/ASVspoof2019_LA_train/flac/LA_T_7667078.flac
train,LA_0093,LA_T_3784736,A05,spoof,/Users/raunitchatterjee/Desktop/Datasets/ASVspoof2019/LA/LA/ASVspoof2019_LA_train/flac/LA_T_3784736.flac
train,LA_0088,LA_T_8565743,A05,spoof,/Users/raunitchatterjee/Desktop/Datasets/ASVspoof2019/LA/LA/ASVspoof2019_LA_train/flac/LA_T_8565743.flac
train,LA_0084,LA_T_4881617,A03,spoof,/Users/raunitchatterjee/Desktop/Datasets/ASVspoof2019/LA/LA/ASVspoof2019_LA_train/flac/LA_T_4881617.flac
train,LA_0097,LA_T_5280537,A06,spoof,/Users/raunitchatterjee/Desktop/Datasets/ASVspoof2019/LA/LA/ASVspoof2019_LA_train/flac/LA_T_5280537.flac
train,LA_0093,LA_T_7585688,A02,spoof,/Users/raunitchatterjee/Desktop/Datasets/ASVspoof2019/LA/LA/ASVspoof2019_LA_train/flac/LA_T_7585688.flac
train,LA_0094,LA_T_3168858,-,bonafide,/Users/raunitchatterjee/Desktop/Datasets/ASVspoof2019/LA/LA/ASVspoof2019_LA_train/flac/LA_T_3168858.flac
train,LA_0083,LA_T_3065757,A01,spoof,/Users/raunitchatterjee/Desktop/Datasets/ASVspoof2019/LA/LA/ASVspoof2019_LA_train/flac/LA_T_3065757.flac
train,LA_0095,LA_T_6553245,A03,spoof,/Users/raunitchatterjee/Desktop/Datasets/ASVspoof2019/LA/LA/ASVspoof2019_LA_train/flac/LA_T_6553245.flac
train,LA_0081,LA_T_3246637,A04,spoof,/Users/raunitchatterjee/Desktop/Datasets/ASVspoof2019/LA/LA/ASVspoof2019_LA_train/flac/LA_T_3246637.flac
train,LA_0094,LA_T_9534567,A05,spoof,/Users/raunitchatterjee/Desktop/Datasets/ASVspoof2019/LA/LA/ASVspoof2019_LA_train/flac/LA_T_9534567.flac
train,LA_0083,LA_T_2491691,A01,spoof,/Users/raunitchatterjee/Desktop/Datasets/ASVspoof2019/LA/LA/ASVspoof2019_LA_train/flac/LA_T_2491691.flac
train,LA_0092,LA_T_4305726,A01,spoof,/Users/raunitchatterjee/Desktop/Datasets/ASVspoof2019/LA/LA/ASVspoof2019_LA_train/flac/LA_T_4305726.flac
train,LA_0090,LA_T_7605373,A01,spoof,/Users/raunitchatterjee/Desktop/Datasets/ASVspoof2019/LA/LA/ASVspoof2019_LA_train/flac/LA_T_7605373.flac
train,LA_0093,LA_T_6803239,A02,spoof,/Users/raunitchatterjee/Desktop/Datasets/ASVspoof2019/LA/LA/ASVspoof2019_LA_train/flac/LA_T_6803239.flac
train,LA_0089,LA_T_4690623,A05,spoof,/Users/raunitchatterjee/Desktop/Datasets/ASVspoof2019/LA/LA/ASVspoof2019_LA_train/flac/LA_T_4690623.flac
train,LA_0089,LA_T_8907762,A05,spoof,/Users/raunitchatterjee/Desktop/Datasets/ASVspoof2019/LA/LA/ASVspoof2019_LA_train/flac/LA_T_8907762.flac
train,LA_0093,LA_T_4173924,A05,spoof,/Users/raunitchatterjee/Desktop/Datasets/ASVspoof2019/LA/LA/ASVspoof2019_LA_train/flac/LA_T_4173924.flac
train,LA_0085,LA_T_6902662,-,bonafide,/Users/raunitchatterjee/Desktop/Datasets/ASVspoof2019/LA/LA/ASVspoof2019_LA_train/flac/LA_T_6902662.flac
train,LA_0087,LA_T_4941896,A01,spoof,/Users/raunitchatterjee/Desktop/Datasets/ASVspoof2019/LA/LA/ASVspoof2019_LA_train/flac/LA_T_4941896.flac
train,LA_0086,LA_T_2265554,A06,spoof,/Users/raunitchatterjee/Desktop/Datasets/ASVspoof2019/LA/LA/ASVspoof2019_LA_train/flac/LA_T_2265554.flac
train,LA_0084,LA_T_6223972,A03,spoof,/Users/raunitchatterjee/Desktop/Datasets/ASVspoof2019/LA/LA/ASVspoof2019_LA_train/flac/LA_T_6223972.flac
train,LA_0083,LA_T_6316929,A06,spoof,/Users/raunitchatterjee/Desktop/Datasets/ASVspoof2019/LA/LA/ASVspoof2019_LA_train/flac/LA_T_6316929.flac
train,LA_0090,LA_T_1343537,A02,spoof,/Users/raunitchatterjee/Desktop/Datasets/ASVspoof2019/LA/LA/ASVspoof2019_LA_train/flac/LA_T_1343537.flac
train,LA_0084,LA_T_8357911,A05,spoof,/Users/raunitchatterjee/Desktop/Datasets/ASVspoof2019/LA/LA/ASVspoof2019_LA_train/flac/LA_T_8357911.flac
train,LA_0093,LA_T_4532840,A02,spoof,/Users/raunitchatterjee/Desktop/Datasets/ASVspoof2019/LA/LA/ASVspoof2019_LA_train/flac/LA_T_4532840.flac
train,LA_0094,LA_T_2156259,A06,spoof,/Users/raunitchatterjee/Desktop/Datasets/ASVspoof2019/LA/LA/ASVspoof2019_LA_train/flac/LA_T_2156259.flac
train,LA_0097,LA_T_6210050,A04,spoof,/Users/raunitchatterjee/Desktop/Datasets/ASVspoof2019/LA/LA/ASVspoof2019_LA_train/flac/LA_T_6210050.flac
train,LA_0096,LA_T_7436825,A02,spoof,/Users/raunitchatterjee/Desktop/Datasets/ASVspoof2019/LA/LA/ASVspoof2019_LA_train/flac/LA_T_7436825.flac
train,LA_0080,LA_T_3616712,A02,spoof,/Users/raunitchatterjee/Desktop/Datasets/ASVspoof2019/LA/LA/ASVspoof2019_LA_train/flac/LA_T_3616712.flac
train,LA_0084,LA_T_6940065,A03,spoof,/Users/raunitchatterjee/Desktop/Datasets/ASVspoof2019/LA/LA/ASVspoof2019_LA_train/flac/LA_T_6940065.flac
train,LA_0095,LA_T_8946684,A05,spoof,/Users/raunitchatterjee/Desktop/Datasets/ASVspoof2019/LA/LA/ASVspoof2019_LA_train/flac/LA_T_8946684.flac
train,LA_0084,LA_T_8115326,A04,spoof,/Users/raunitchatterjee/Desktop/Datasets/ASVspoof2019/LA/LA/ASVspoof2019_LA_train/flac/LA_T_8115326.flac
train,LA_0096,LA_T_9859706,A06,spoof,/Users/raunitchatterjee/Desktop/Datasets/ASVspoof2019/LA/LA/ASVspoof2019_LA_train/flac/LA_T_9859706.flac
train,LA_0085,LA_T_3048698,A03,spoof,/Users/raunitchatterjee/Desktop/Datasets/ASVspoof2019/LA/LA/ASVspoof2019_LA_train/flac/LA_T_3048698.flac
train,LA_0087,LA_T_3292195,A03,spoof,/Users/raunitchatterjee/Desktop/Datasets/ASVspoof2019/LA/LA/ASVspoof2019_LA_train/flac/LA_T_3292195.flac
train,LA_0085,LA_T_2003736,A05,spoof,/Users/raunitchatterjee/Desktop/Datasets/ASVspoof2019/LA/LA/ASVspoof2019_LA_train/flac/LA_T_2003736.flac
train,LA_0081,LA_T_3654243,A02,spoof,/Users/raunitchatterjee/Desktop/Datasets/ASVspoof2019/LA/LA/ASVspoof2019_LA_train/flac/LA_T_3654243.flac
train,LA_0089,LA_T_1449848,A06,spoof,/Users/raunitchatterjee/Desktop/Datasets/ASVspoof2019/LA/LA/ASVspoof2019_LA_train/flac/LA_T_1449848.flac
train,LA_0091,LA_T_4219596,A02,spoof,/Users/raunitchatterjee/Desktop/Datasets/ASVspoof2019/LA/LA/ASVspoof2019_LA_train/flac/LA_T_4219596.flac
train,LA_0096,LA_T_3981910,A01,spoof,/Users/raunitchatterjee/Desktop/Datasets/ASVspoof2019/LA/LA/ASVspoof2019_LA_train/flac/LA_T_3981910.flac
train,LA_0082,LA_T_3073950,A06,spoof,/Users/raunitchatterjee/Desktop/Datasets/ASVspoof2019/LA/LA/ASVspoof2019_LA_train/flac/LA_T_3073950.flac
train,LA_0095,LA_T_4858534,A06,spoof,/Users/raunitchatterjee/Desktop/Datasets/ASVspoof2019/LA/LA/ASVspoof2019_LA_train/flac/LA_T_4858534.flac
train,LA_0082,LA_T_7430767,A03,spoof,/Users/raunitchatterjee/Desktop/Datasets/ASVspoof2019/LA/LA/ASVspoof2019_LA_train/flac/LA_T_7430767.flac
train,LA_0082,LA_T_8319280,A05,spoof,/Users/raunitchatterjee/Desktop/Datasets/ASVspoof2019/LA/LA/ASVspoof2019_LA_train/flac/LA_T_8319280.flac
train,LA_0079,LA_T_3003983,A02,spoof,/Users/raunitchatterjee/Desktop/Datasets/ASVspoof2019/LA/LA/ASVspoof2019_LA_train/flac/LA_T_3003983.flac
train,LA_0084,LA_T_4059392,A01,spoof,/Users/raunitchatterjee/Desktop/Datasets/ASVspoof2019/LA/LA/ASVspoof2019_LA_train/flac/LA_T_4059392.flac
train,LA_0083,LA_T_7088636,A04,spoof,/Users/raunitchatterjee/Desktop/Datasets/ASVspoof2019/LA/LA/ASVspoof2019_LA_train/flac/LA_T_7088636.flac
train,LA_0096,LA_T_4709036,A02,spoof,/Users/raunitchatterjee/Desktop/Datasets/ASVspoof2019/LA/LA/ASVspoof2019_LA_train/flac/LA_T_4709036.flac
train,LA_0091,LA_T_1589546,A05,spoof,/Users/raunitchatterjee/Desktop/Datasets/ASVspoof2019/LA/LA/ASVspoof2019_LA_train/flac/LA_T_1589546.flac
train,LA_0097,LA_T_5307856,-,bonafide,/Users/raunitchatterjee/Desktop/Datasets/ASVspoof2019/LA/LA/ASVspoof2019_LA_train/flac/LA_T_5307856.flac
train,LA_0096,LA_T_5153670,A06,spoof,/Users/raunitchatterjee/Desktop/Datasets/ASVspoof2019/LA/LA/ASVspoof2019_LA_train/flac/LA_T_5153670.flac
train,LA_0083,LA_T_8654109,A03,spoof,/Users/raunitchatterjee/Desktop/Datasets/ASVspoof2019/LA/LA/ASVspoof2019_LA_train/flac/LA_T_8654109.flac
train,LA_0088,LA_T_4597070,A06,spoof,/Users/raunitchatterjee/Desktop/Datasets/ASVspoof2019/LA/LA/ASVspoof2019_LA_train/flac/LA_T_4597070.flac
train,LA_0090,LA_T_8650761,A01,spoof,/Users/raunitchatterjee/Desktop/Datasets/ASVspoof2019/LA/LA/ASVspoof2019_LA_train/flac/LA_T_8650761.flac
train,LA_0091,LA_T_9735807,-,bonafide,/Users/raunitchatterjee/Desktop/Datasets/ASVspoof2019/LA/LA/ASVspoof2019_LA_train/flac/LA_T_9735807.flac
train,LA_0088,LA_T_4704925,-,bonafide,/Users/raunitchatterjee/Desktop/Datasets/ASVspoof2019/LA/LA/ASVspoof2019_LA_train/flac/LA_T_4704925.flac
train,LA_0094,LA_T_1081824,A06,spoof,/Users/raunitchatterjee/Desktop/Datasets/ASVspoof2019/LA/LA/ASVspoof2019_LA_train/flac/LA_T_1081824.flac
train,LA_0093,LA_T_7683892,A06,spoof,/Users/raunitchatterjee/Desktop/Datasets/ASVspoof2019/LA/LA/ASVspoof2019_LA_train/flac/LA_T_7683892.flac
train,LA_0085,LA_T_4353595,A01,spoof,/Users/raunitchatterjee/Desktop/Datasets/ASVspoof2019/LA/LA/ASVspoof2019_LA_train/flac/LA_T_4353595.flac
train,LA_0093,LA_T_4352875,A05,spoof,/Users/raunitchatterjee/Desktop/Datasets/ASVspoof2019/LA/LA/ASVspoof2019_LA_train/flac/LA_T_4352875.flac
train,LA_0079,LA_T_4867968,A01,spoof,/Users/raunitchatterjee/Desktop/Datasets/ASVspoof2019/LA/LA/ASVspoof2019_LA_train/flac/LA_T_4867968.flac
train,LA_0082,LA_T_6483639,A06,spoof,/Users/raunitchatterjee/Desktop/Datasets/ASVspoof2019/LA/LA/ASVspoof2019_LA_train/flac/LA_T_6483639.flac
train,LA_0097,LA_T_6747050,A03,spoof,/Users/raunitchatterjee/Desktop/Datasets/ASVspoof2019/LA/LA/ASVspoof2019_LA_train/flac/LA_T_6747050.flac
train,LA_0091,LA_T_1964816,A03,spoof,/Users/raunitchatterjee/Desktop/Datasets/ASVspoof2019/LA/LA/ASVspoof2019_LA_train/flac/LA_T_1964816.flac
train,LA_0091,LA_T_7995735,A05,spoof,/Users/raunitchatterjee/Desktop/Datasets/ASVspoof2019/LA/LA/ASVspoof2019_LA_train/flac/LA_T_7995735.flac
train,LA_0094,LA_T_3545264,-,bonafide,/Users/raunitchatterjee/Desktop/Datasets/ASVspoof2019/LA/LA/ASVspoof2019_LA_train/flac/LA_T_3545264.flac
train,LA_0082,LA_T_2948244,A03,spoof,/Users/raunitchatterjee/Desktop/Datasets/ASVspoof2019/LA/LA/ASVspoof2019_LA_train/flac/LA_T_2948244.flac
train,LA_0095,LA_T_4016629,A01,spoof,/Users/raunitchatterjee/Desktop/Datasets/ASVspoof2019/LA/LA/ASVspoof2019_LA_train/flac/LA_T_4016629.flac
train,LA_0082,LA_T_1701326,A04,spoof,/Users/raunitchatterjee/Desktop/Datasets/ASVspoof2019/LA/LA/ASVspoof2019_LA_train/flac/LA_T_1701326.flac
train,LA_0096,LA_T_5322311,A05,spoof,/Users/raunitchatterjee/Desktop/Datasets/ASVspoof2019/LA/LA/ASVspoof2019_LA_train/flac/LA_T_5322311.flac
train,LA_0089,LA_T_4774720,A02,spoof,/Users/raunitchatterjee/Desktop/Datasets/ASVspoof2019/LA/LA/ASVspoof2019_LA_train/flac/LA_T_4774720.flac
train,LA_0096,LA_T_9265320,A03,spoof,/Users/raunitchatterjee/Desktop/Datasets/ASVspoof2019/LA/LA/ASVspoof2019_LA_train/flac/LA_T_9265320.flac
train,LA_0081,LA_T_2010037,A02,spoof,/Users/raunitchatterjee/Desktop/Datasets/ASVspoof2019/LA/LA/ASVspoof2019_LA_train/flac/LA_T_2010037.flac
train,LA_0098,LA_T_4774940,-,bonafide,/Users/raunitchatterjee/Desktop/Datasets/ASVspoof2019/LA/LA/ASVspoof2019_LA_train/flac/LA_T_4774940.flac
train,LA_0083,LA_T_1025067,A03,spoof,/Users/raunitchatterjee/Desktop/Datasets/ASVspoof2019/LA/LA/ASVspoof2019_LA_train/flac/LA_T_1025067.flac
train,LA_0086,LA_T_3868468,A01,spoof,/Users/raunitchatterjee/Desktop/Datasets/ASVspoof2019/LA/LA/ASVspoof2019_LA_train/flac/LA_T_3868468.flac
train,LA_0096,LA_T_4189041,A04,spoof,/Users/raunitchatterjee/Desktop/Datasets/ASVspoof2019/LA/LA/ASVspoof2019_LA_train/flac/LA_T_4189041.flac
train,LA_0086,LA_T_7686673,A01,spoof,/Users/raunitchatterjee/Desktop/Datasets/ASVspoof2019/LA/LA/ASVspoof2019_LA_train/flac/LA_T_7686673.flac
train,LA_0097,LA_T_9200275,A01,spoof,/Users/raunitchatterjee/Desktop/Datasets/ASVspoof2019/LA/LA/ASVspoof2019_LA_train/flac/LA_T_9200275.flac
train,LA_0096,LA_T_2053735,A01,spoof,/Users/raunitchatterjee/Desktop/Datasets/ASVspoof2019/LA/LA/ASVspoof2019_LA_train/flac/LA_T_2053735.flac
train,LA_0079,LA_T_5763029,A03,spoof,/Users/raunitchatterjee/Desktop/Datasets/ASVspoof2019/LA/LA/ASVspoof2019_LA_train/flac/LA_T_5763029.flac
train,LA_0091,LA_T_1014341,A02,spoof,/Users/raunitchatterjee/Desktop/Datasets/ASVspoof2019/LA/LA/ASVspoof2019_LA_train/flac/LA_T_1014341.flac
train,LA_0085,LA_T_1030482,A05,spoof,/Users/raunitchatterjee/Desktop/Datasets/ASVspoof2019/LA/LA/ASVspoof2019_LA_train/flac/LA_T_1030482.flac
train,LA_0098,LA_T_7274720,A04,spoof,/Users/raunitchatterjee/Desktop/Datasets/ASVspoof2019/LA/LA/ASVspoof2019_LA_train/flac/LA_T_7274720.flac
train,LA_0079,LA_T_1952524,A06,spoof,/Users/raunitchatterjee/Desktop/Datasets/ASVspoof2019/LA/LA/ASVspoof2019_LA_train/flac/LA_T_1952524.flac
train,LA_0093,LA_T_8197665,A03,spoof,/Users/raunitchatterjee/Desktop/Datasets/ASVspoof2019/LA/LA/ASVspoof2019_LA_train/flac/LA_T_8197665.flac
train,LA_0085,LA_T_9969662,A01,spoof,/Users/raunitchatterjee/Desktop/Datasets/ASVspoof2019/LA/LA/ASVspoof2019_LA_train/flac/LA_T_9969662.flac
train,LA_0082,LA_T_6002254,A01,spoof,/Users/raunitchatterjee/Desktop/Datasets/ASVspoof2019/LA/LA/ASVspoof2019_LA_train/flac/LA_T_6002254.flac
train,LA_0081,LA_T_7829294,A04,spoof,/Users/raunitchatterjee/Desktop/Datasets/ASVspoof2019/LA/LA/ASVspoof2019_LA_train/flac/LA_T_7829294.flac
train,LA_0085,LA_T_5418090,A05,spoof,/Users/raunitchatterjee/Desktop/Datasets/ASVspoof2019/LA/LA/ASVspoof2019_LA_train/flac/LA_T_5418090.flac
train,LA_0096,LA_T_4121514,A06,spoof,/Users/raunitchatterjee/Desktop/Datasets/ASVspoof2019/LA/LA/ASVspoof2019_LA_train/flac/LA_T_4121514.flac
train,LA_0090,LA_T_4886527,A06,spoof,/Users/raunitchatterjee/Desktop/Datasets/ASVspoof2019/LA/LA/ASVspoof2019_LA_train/flac/LA_T_4886527.flac
train,LA_0080,LA_T_2737588,-,bonafide,/Users/raunitchatterjee/Desktop/Datasets/ASVspoof2019/LA/LA/ASVspoof2019_LA_train/flac/LA_T_2737588.flac
train,LA_0098,LA_T_2398977,A03,spoof,/Users/raunitchatterjee/Desktop/Datasets/ASVspoof2019/LA/LA/ASVspoof2019_LA_train/flac/LA_T_2398977.flac
train,LA_0092,LA_T_1021749,A03,spoof,/Users/raunitchatterjee/Desktop/Datasets/ASVspoof2019/LA/LA/ASVspoof2019_LA_train/flac/LA_T_1021749.flac
train,LA_0079,LA_T_8814663,A01,spoof,/Users/raunitchatterjee/Desktop/Datasets/ASVspoof2019/LA/LA/ASVspoof2019_LA_train/flac/LA_T_8814663.flac
train,LA_0081,LA_T_3588899,-,bonafide,/Users/raunitchatterjee/Desktop/Datasets/ASVspoof2019/LA/LA/ASVspoof2019_LA_train/flac/LA_T_3588899.flac
train,LA_0089,LA_T_5050421,A05,spoof,/Users/raunitchatterjee/Desktop/Datasets/ASVspoof2019/LA/LA/ASVspoof2019_LA_train/flac/LA_T_5050421.flac
train,LA_0081,LA_T_4347902,A05,spoof,/Users/raunitchatterjee/Desktop/Datasets/ASVspoof2019/LA/LA/ASVspoof2019_LA_train/flac/LA_T_4347902.flac
train,LA_0087,LA_T_9217851,A03,spoof,/Users/raunitchatterjee/Desktop/Datasets/ASVspoof2019/LA/LA/ASVspoof2019_LA_train/flac/LA_T_9217851.flac
train,LA_0084,LA_T_8911460,A03,spoof,/Users/raunitchatterjee/Desktop/Datasets/ASVspoof2019/LA/LA/ASVspoof2019_LA_train/flac/LA_T_8911460.flac
train,LA_0094,LA_T_1432068,A02,spoof,/Users/raunitchatterjee/Desktop/Datasets/ASVspoof2019/LA/LA/ASVspoof2019_LA_train/flac/LA_T_1432068.flac
train,LA_0096,LA_T_6246134,A03,spoof,/Users/raunitchatterjee/Desktop/Datasets/ASVspoof2019/LA/LA/ASVspoof2019_LA_train/flac/LA_T_6246134.flac
train,LA_0092,LA_T_7017614,A06,spoof,/Users/raunitchatterjee/Desktop/Datasets/ASVspoof2019/LA/LA/ASVspoof2019_LA_train/flac/LA_T_7017614.flac
train,LA_0087,LA_T_2692205,A02,spoof,/Users/raunitchatterjee/Desktop/Datasets/ASVspoof2019/LA/LA/ASVspoof2019_LA_train/flac/LA_T_2692205.flac
train,LA_0084,LA_T_3452222,-,bonafide,/Users/raunitchatterjee/Desktop/Datasets/ASVspoof2019/LA/LA/ASVspoof2019_LA_train/flac/LA_T_3452222.flac
train,LA_0097,LA_T_8932019,A05,spoof,/Users/raunitchatterjee/Desktop/Datasets/ASVspoof2019/LA/LA/ASVspoof2019_LA_train/flac/LA_T_8932019.flac
train,LA_0096,LA_T_6828756,A06,spoof,/Users/raunitchatterjee/Desktop/Datasets/ASVspoof2019/LA/LA/ASVspoof2019_LA_train/flac/LA_T_6828756.flac
train,LA_0095,LA_T_8836420,A04,spoof,/Users/raunitchatterjee/Desktop/Datasets/ASVspoof2019/LA/LA/ASVspoof2019_LA_train/flac/LA_T_8836420.flac
train,LA_0082,LA_T_4588024,A04,spoof,/Users/raunitchatterjee/Desktop/Datasets/ASVspoof2019/LA/LA/ASVspoof2019_LA_train/flac/LA_T_4588024.flac
train,LA_0084,LA_T_9238749,A02,spoof,/Users/raunitchatterjee/Desktop/Datasets/ASVspoof2019/LA/LA/ASVspoof2019_LA_train/flac/LA_T_9238749.flac
train,LA_0081,LA_T_2969358,A06,spoof,/Users/raunitchatterjee/Desktop/Datasets/ASVspoof2019/LA/LA/ASVspoof2019_LA_train/flac/LA_T_2969358.flac
train,LA_0079,LA_T_2406347,A02,spoof,/Users/raunitchatterjee/Desktop/Datasets/ASVspoof2019/LA/LA/ASVspoof2019_LA_train/flac/LA_T_2406347.flac
train,LA_0085,LA_T_3183002,A02,spoof,/Users/raunitchatterjee/Desktop/Datasets/ASVspoof2019/LA/LA/ASVspoof2019_LA_train/flac/LA_T_3183002.flac
train,LA_0098,LA_T_2965915,A05,spoof,/Users/raunitchatterjee/Desktop/Datasets/ASVspoof2019/LA/LA/ASVspoof2019_LA_train/flac/LA_T_2965915.flac
train,LA_0082,LA_T_9582254,A05,spoof,/Users/raunitchatterjee/Desktop/Datasets/ASVspoof2019/LA/LA/ASVspoof2019_LA_train/flac/LA_T_9582254.flac
train,LA_0086,LA_T_7574227,A04,spoof,/Users/raunitchatterjee/Desktop/Datasets/ASVspoof2019/LA/LA/ASVspoof2019_LA_train/flac/LA_T_7574227.flac
train,LA_0094,LA_T_1490564,A04,spoof,/Users/raunitchatterjee/Desktop/Datasets/ASVspoof2019/LA/LA/ASVspoof2019_LA_train/flac/LA_T_1490564.flac
train,LA_0082,LA_T_3118857,A01,spoof,/Users/raunitchatterjee/Desktop/Datasets/ASVspoof2019/LA/LA/ASVspoof2019_LA_train/flac/LA_T_3118857.flac
train,LA_0080,LA_T_8244604,A02,spoof,/Users/raunitchatterjee/Desktop/Datasets/ASVspoof2019/LA/LA/ASVspoof2019_LA_train/flac/LA_T_8244604.flac
train,LA_0085,LA_T_6402429,A06,spoof,/Users/raunitchatterjee/Desktop/Datasets/ASVspoof2019/LA/LA/ASVspoof2019_LA_train/flac/LA_T_6402429.flac
train,LA_0096,LA_T_5805796,-,bonafide,/Users/raunitchatterjee/Desktop/Datasets/ASVspoof2019/LA/LA/ASVspoof2019_LA_train/flac/LA_T_5805796.flac
train,LA_0092,LA_T_8347212,A06,spoof,/Users/raunitchatterjee/Desktop/Datasets/ASVspoof2019/LA/LA/ASVspoof2019_LA_train/flac/LA_T_8347212.flac
train,LA_0087,LA_T_4375942,A01,spoof,/Users/raunitchatterjee/Desktop/Datasets/ASVspoof2019/LA/LA/ASVspoof2019_LA_train/flac/LA_T_4375942.flac
train,LA_0089,LA_T_7697248,A03,spoof,/Users/raunitchatterjee/Desktop/Datasets/ASVspoof2019/LA/LA/ASVspoof2019_LA_train/flac/LA_T_7697248.flac
train,LA_0095,LA_T_1485648,A01,spoof,/Users/raunitchatterjee/Desktop/Datasets/ASVspoof2019/LA/LA/ASVspoof2019_LA_train/flac/LA_T_1485648.flac
train,LA_0092,LA_T_6122072,A02,spoof,/Users/raunitchatterjee/Desktop/Datasets/ASVspoof2019/LA/LA/ASVspoof2019_LA_train/flac/LA_T_6122072.flac
train,LA_0089,LA_T_3463105,A05,spoof,/Users/raunitchatterjee/Desktop/Datasets/ASVspoof2019/LA/LA/ASVspoof2019_LA_train/flac/LA_T_3463105.flac
train,LA_0080,LA_T_3107998,A02,spoof,/Users/raunitchatterjee/Desktop/Datasets/ASVspoof2019/LA/LA/ASVspoof2019_LA_train/flac/LA_T_3107998.flac
train,LA_0081,LA_T_6592080,A05,spoof,/Users/raunitchatterjee/Desktop/Datasets/ASVspoof2019/LA/LA/ASVspoof2019_LA_train/flac/LA_T_6592080.flac
train,LA_0081,LA_T_6804257,A01,spoof,/Users/raunitchatterjee/Desktop/Datasets/ASVspoof2019/LA/LA/ASVspoof2019_LA_train/flac/LA_T_6804257.flac
train,LA_0082,LA_T_7725113,A06,spoof,/Users/raunitchatterjee/Desktop/Datasets/ASVspoof2019/LA/LA/ASVspoof2019_LA_train/flac/LA_T_7725113.flac
train,LA_0088,LA_T_5732967,A06,spoof,/Users/raunitchatterjee/Desktop/Datasets/ASVspoof2019/LA/LA/ASVspoof2019_LA_train/flac/LA_T_5732967.flac
train,LA_0086,LA_T_2757103,A04,spoof,/Users/raunitchatterjee/Desktop/Datasets/ASVspoof2019/LA/LA/ASVspoof2019_LA_train/flac/LA_T_2757103.flac
train,LA_0094,LA_T_5352059,A05,spoof,/Users/raunitchatterjee/Desktop/Datasets/ASVspoof2019/LA/LA/ASVspoof2019_LA_train/flac/LA_T_5352059.flac
train,LA_0083,LA_T_1340352,A04,spoof,/Users/raunitchatterjee/Desktop/Datasets/ASVspoof2019/LA/LA/ASVspoof2019_LA_train/flac/LA_T_1340352.flac
train,LA_0081,LA_T_6328038,A03,spoof,/Users/raunitchatterjee/Desktop/Datasets/ASVspoof2019/LA/LA/ASVspoof2019_LA_train/flac/LA_T_6328038.flac
train,LA_0098,LA_T_6715221,A06,spoof,/Users/raunitchatterjee/Desktop/Datasets/ASVspoof2019/LA/LA/ASVspoof2019_LA_train/flac/LA_T_6715221.flac
train,LA_0085,LA_T_7608557,A05,spoof,/Users/raunitchatterjee/Desktop/Datasets/ASVspoof2019/LA/LA/ASVspoof2019_LA_train/flac/LA_T_7608557.flac
train,LA_0098,LA_T_4129008,-,bonafide,/Users/raunitchatterjee/Desktop/Datasets/ASVspoof2019/LA/LA/ASVspoof2019_LA_train/flac/LA_T_4129008.flac
train,LA_0083,LA_T_8731389,A05,spoof,/Users/raunitchatterjee/Desktop/Datasets/ASVspoof2019/LA/LA/ASVspoof2019_LA_train/flac/LA_T_8731389.flac
train,LA_0098,LA_T_4662936,A05,spoof,/Users/raunitchatterjee/Desktop/Datasets/ASVspoof2019/LA/LA/ASVspoof2019_LA_train/flac/LA_T_4662936.flac
train,LA_0081,LA_T_3315221,A04,spoof,/Users/raunitchatterjee/Desktop/Datasets/ASVspoof2019/LA/LA/ASVspoof2019_LA_train/flac/LA_T_3315221.flac
train,LA_0088,LA_T_7533966,A06,spoof,/Users/raunitchatterjee/Desktop/Datasets/ASVspoof2019/LA/LA/ASVspoof2019_LA_train/flac/LA_T_7533966.flac
train,LA_0087,LA_T_1795340,A06,spoof,/Users/raunitchatterjee/Desktop/Datasets/ASVspoof2019/LA/LA/ASVspoof2019_LA_train/flac/LA_T_1795340.flac
train,LA_0087,LA_T_6102460,A03,spoof,/Users/raunitchatterjee/Desktop/Datasets/ASVspoof2019/LA/LA/ASVspoof2019_LA_train/flac/LA_T_6102460.flac
train,LA_0081,LA_T_8704908,A06,spoof,/Users/raunitchatterjee/Desktop/Datasets/ASVspoof2019/LA/LA/ASVspoof2019_LA_train/flac/LA_T_8704908.flac
train,LA_0089,LA_T_4422429,A05,spoof,/Users/raunitchatterjee/Desktop/Datasets/ASVspoof2019/LA/LA/ASVspoof2019_LA_train/flac/LA_T_4422429.flac
train,LA_0094,LA_T_5544291,A06,spoof,/Users/raunitchatterjee/Desktop/Datasets/ASVspoof2019/LA/LA/ASVspoof2019_LA_train/flac/LA_T_5544291.flac
train,LA_0098,LA_T_7457094,A02,spoof,/Users/raunitchatterjee/Desktop/Datasets/ASVspoof2019/LA/LA/ASVspoof2019_LA_train/flac/LA_T_7457094.flac
train,LA_0082,LA_T_5043177,A01,spoof,/Users/raunitchatterjee/Desktop/Datasets/ASVspoof2019/LA/LA/ASVspoof2019_LA_train/flac/LA_T_5043177.flac
train,LA_0079,LA_T_1541983,A06,spoof,/Users/raunitchatterjee/Desktop/Datasets/ASVspoof2019/LA/LA/ASVspoof2019_LA_train/flac/LA_T_1541983.flac
train,LA_0083,LA_T_8909711,A03,spoof,/Users/raunitchatterjee/Desktop/Datasets/ASVspoof2019/LA/LA/ASVspoof2019_LA_train/flac/LA_T_8909711.flac
train,LA_0081,LA_T_1459702,-,bonafide,/Users/raunitchatterjee/Desktop/Datasets/ASVspoof2019/LA/LA/ASVspoof2019_LA_train/flac/LA_T_1459702.flac
train,LA_0081,LA_T_6144443,A01,spoof,/Users/raunitchatterjee/Desktop/Datasets/ASVspoof2019/LA/LA/ASVspoof2019_LA_train/flac/LA_T_6144443.flac
train,LA_0079,LA_T_4956778,A06,spoof,/Users/raunitchatterjee/Desktop/Datasets/ASVspoof2019/LA/LA/ASVspoof2019_LA_train/flac/LA_T_4956778.flac
train,LA_0091,LA_T_6402250,A06,spoof,/Users/raunitchatterjee/Desktop/Datasets/ASVspoof2019/LA/LA/ASVspoof2019_LA_train/flac/LA_T_6402250.flac
train,LA_0097,LA_T_8268389,A05,spoof,/Users/raunitchatterjee/Desktop/Datasets/ASVspoof2019/LA/LA/ASVspoof2019_LA_train/flac/LA_T_8268389.flac
train,LA_0086,LA_T_5248709,A02,spoof,/Users/raunitchatterjee/Desktop/Datasets/ASVspoof2019/LA/LA/ASVspoof2019_LA_train/flac/LA_T_5248709.flac
train,LA_0097,LA_T_2186836,A05,spoof,/Users/raunitchatterjee/Desktop/Datasets/ASVspoof2019/LA/LA/ASVspoof2019_LA_train/flac/LA_T_2186836.flac
train,LA_0085,LA_T_9662143,A06,spoof,/Users/raunitchatterjee/Desktop/Datasets/ASVspoof2019/LA/LA/ASVspoof2019_LA_train/flac/LA_T_9662143.flac
train,LA_0084,LA_T_4919215,A04,spoof,/Users/raunitchatterjee/Desktop/Datasets/ASVspoof2019/LA/LA/ASVspoof2019_LA_train/flac/LA_T_4919215.flac
train,LA_0095,LA_T_5280138,A06,spoof,/Users/raunitchatterjee/Desktop/Datasets/ASVspoof2019/LA/LA/ASVspoof2019_LA_train/flac/LA_T_5280138.flac
train,LA_0079,LA_T_6214695,-,bonafide,/Users/raunitchatterjee/Desktop/Datasets/ASVspoof2019/LA/LA/ASVspoof2019_LA_train/flac/LA_T_6214695.flac
train,LA_0093,LA_T_8297185,A01,spoof,/Users/raunitchatterjee/Desktop/Datasets/ASVspoof2019/LA/LA/ASVspoof2019_LA_train/flac/LA_T_8297185.flac
train,LA_0086,LA_T_9850135,A01,spoof,/Users/raunitchatterjee/Desktop/Datasets/ASVspoof2019/LA/LA/ASVspoof2019_LA_train/flac/LA_T_9850135.flac
train,LA_0083,LA_T_6161064,A06,spoof,/Users/raunitchatterjee/Desktop/Datasets/ASVspoof2019/LA/LA/ASVspoof2019_LA_train/flac/LA_T_6161064.flac
train,LA_0083,LA_T_8882893,A06,spoof,/Users/raunitchatterjee/Desktop/Datasets/ASVspoof2019/LA/LA/ASVspoof2019_LA_train/flac/LA_T_8882893.flac
train,LA_0087,LA_T_6756969,-,bonafide,/Users/raunitchatterjee/Desktop/Datasets/ASVspoof2019/LA/LA/ASVspoof2019_LA_train/flac/LA_T_6756969.flac
train,LA_0097,LA_T_4730279,A04,spoof,/Users/raunitchatterjee/Desktop/Datasets/ASVspoof2019/LA/LA/ASVspoof2019_LA_train/flac/LA_T_4730279.flac
train,LA_0079,LA_T_4804117,A05,spoof,/Users/raunitchatterjee/Desktop/Datasets/ASVspoof2019/LA/LA/ASVspoof2019_LA_train/flac/LA_T_4804117.flac
train,LA_0095,LA_T_6763144,A03,spoof,/Users/raunitchatterjee/Desktop/Datasets/ASVspoof2019/LA/LA/ASVspoof2019_LA_train/flac/LA_T_6763144.flac
train,LA_0092,LA_T_2398510,A04,spoof,/Users/raunitchatterjee/Desktop/Datasets/ASVspoof2019/LA/LA/ASVspoof2019_LA_train/flac/LA_T_2398510.flac
train,LA_0098,LA_T_1999263,A02,spoof,/Users/raunitchatterjee/Desktop/Datasets/ASVspoof2019/LA/LA/ASVspoof2019_LA_train/flac/LA_T_1999263.flac
train,LA_0082,LA_T_5363668,A03,spoof,/Users/raunitchatterjee/Desktop/Datasets/ASVspoof2019/LA/LA/ASVspoof2019_LA_train/flac/LA_T_5363668.flac
train,LA_0082,LA_T_4002656,A02,spoof,/Users/raunitchatterjee/Desktop/Datasets/ASVspoof2019/LA/LA/ASVspoof2019_LA_train/flac/LA_T_4002656.flac
train,LA_0091,LA_T_4192157,A04,spoof,/Users/raunitchatterjee/Desktop/Datasets/ASVspoof2019/LA/LA/ASVspoof2019_LA_train/flac/LA_T_4192157.flac
train,LA_0093,LA_T_4946491,A05,spoof,/Users/raunitchatterjee/Desktop/Datasets/ASVspoof2019/LA/LA/ASVspoof2019_LA_train/flac/LA_T_4946491.flac
train,LA_0097,LA_T_7080998,A01,spoof,/Users/raunitchatterjee/Desktop/Datasets/ASVspoof2019/LA/LA/ASVspoof2019_LA_train/flac/LA_T_7080998.flac
train,LA_0095,LA_T_1473010,A01,spoof,/Users/raunitchatterjee/Desktop/Datasets/ASVspoof2019/LA/LA/ASVspoof2019_LA_train/flac/LA_T_1473010.flac
train,LA_0079,LA_T_2311982,A05,spoof,/Users/raunitchatterjee/Desktop/Datasets/ASVspoof2019/LA/LA/ASVspoof2019_LA_train/flac/LA_T_2311982.flac
train,LA_0083,LA_T_5454842,A05,spoof,/Users/raunitchatterjee/Desktop/Datasets/ASVspoof2019/LA/LA/ASVspoof2019_LA_train/flac/LA_T_5454842.flac
train,LA_0092,LA_T_4351970,A02,spoof,/Users/raunitchatterjee/Desktop/Datasets/ASVspoof2019/LA/LA/ASVspoof2019_LA_train/flac/LA_T_4351970.flac
train,LA_0086,LA_T_9073495,A04,spoof,/Users/raunitchatterjee/Desktop/Datasets/ASVspoof2019/LA/LA/ASVspoof2019_LA_train/flac/LA_T_9073495.flac
train,LA_0081,LA_T_7200312,A01,spoof,/Users/raunitchatterjee/Desktop/Datasets/ASVspoof2019/LA/LA/ASVspoof2019_LA_train/flac/LA_T_7200312.flac
train,LA_0080,LA_T_9813305,A04,spoof,/Users/raunitchatterjee/Desktop/Datasets/ASVspoof2019/LA/LA/ASVspoof2019_LA_train/flac/LA_T_9813305.flac
train,LA_0079,LA_T_8449978,-,bonafide,/Users/raunitchatterjee/Desktop/Datasets/ASVspoof2019/LA/LA/ASVspoof2019_LA_train/flac/LA_T_8449978.flac
train,LA_0089,LA_T_8847872,A03,spoof,/Users/raunitchatterjee/Desktop/Datasets/ASVspoof2019/LA/LA/ASVspoof2019_LA_train/flac/LA_T_8847872.flac
train,LA_0098,LA_T_4248192,A05,spoof,/Users/raunitchatterjee/Desktop/Datasets/ASVspoof2019/LA/LA/ASVspoof2019_LA_train/flac/LA_T_4248192.flac
train,LA_0096,LA_T_6738842,A01,spoof,/Users/raunitchatterjee/Desktop/Datasets/ASVspoof2019/LA/LA/ASVspoof2019_LA_train/flac/LA_T_6738842.flac
train,LA_0086,LA_T_1810200,A02,spoof,/Users/raunitchatterjee/Desktop/Datasets/ASVspoof2019/LA/LA/ASVspoof2019_LA_train/flac/LA_T_1810200.flac
train,LA_0094,LA_T_5828704,A06,spoof,/Users/raunitchatterjee/Desktop/Datasets/ASVspoof2019/LA/LA/ASVspoof2019_LA_train/flac/LA_T_5828704.flac
train,LA_0088,LA_T_3268169,-,bonafide,/Users/raunitchatterjee/Desktop/Datasets/ASVspoof2019/LA/LA/ASVspoof2019_LA_train/flac/LA_T_3268169.flac
train,LA_0089,LA_T_5051684,A03,spoof,/Users/raunitchatterjee/Desktop/Datasets/ASVspoof2019/LA/LA/ASVspoof2019_LA_train/flac/LA_T_5051684.flac
train,LA_0081,LA_T_5391543,A05,spoof,/Users/raunitchatterjee/Desktop/Datasets/ASVspoof2019/LA/LA/ASVspoof2019_LA_train/flac/LA_T_5391543.flac
train,LA_0096,LA_T_7984161,A05,spoof,/Users/raunitchatterjee/Desktop/Datasets/ASVspoof2019/LA/LA/ASVspoof2019_LA_train/flac/LA_T_7984161.flac
train,LA_0088,LA_T_8703557,A04,spoof,/Users/raunitchatterjee/Desktop/Datasets/ASVspoof2019/LA/LA/ASVspoof2019_LA_train/flac/LA_T_8703557.flac
train,LA_0089,LA_T_8221877,A06,spoof,/Users/raunitchatterjee/Desktop/Datasets/ASVspoof2019/LA/LA/ASVspoof2019_LA_train/flac/LA_T_8221877.flac
train,LA_0084,LA_T_1573795,A01,spoof,/Users/raunitchatterjee/Desktop/Datasets/ASVspoof2019/LA/LA/ASVspoof2019_LA_train/flac/LA_T_1573795.flac
train,LA_0090,LA_T_8421801,A03,spoof,/Users/raunitchatterjee/Desktop/Datasets/ASVspoof2019/LA/LA/ASVspoof2019_LA_train/flac/LA_T_8421801.flac
train,LA_0097,LA_T_8629985,A03,spoof,/Users/raunitchatterjee/Desktop/Datasets/ASVspoof2019/LA/LA/ASVspoof2019_LA_train/flac/LA_T_8629985.flac
train,LA_0086,LA_T_5187822,-,bonafide,/Users/raunitchatterjee/Desktop/Datasets/ASVspoof2019/LA/LA/ASVspoof2019_LA_train/flac/LA_T_5187822.flac
train,LA_0095,LA_T_3997999,A01,spoof,/Users/raunitchatterjee/Desktop/Datasets/ASVspoof2019/LA/LA/ASVspoof2019_LA_train/flac/LA_T_3997999.flac
train,LA_0086,LA_T_9223899,A04,spoof,/Users/raunitchatterjee/Desktop/Datasets/ASVspoof2019/LA/LA/ASVspoof2019_LA_train/flac/LA_T_9223899.flac
train,LA_0093,LA_T_8531717,A02,spoof,/Users/raunitchatterjee/Desktop/Datasets/ASVspoof2019/LA/LA/ASVspoof2019_LA_train/flac/LA_T_8531717.flac
train,LA_0093,LA_T_8929113,A04,spoof,/Users/raunitchatterjee/Desktop/Datasets/ASVspoof2019/LA/LA/ASVspoof2019_LA_train/flac/LA_T_8929113.flac
train,LA_0087,LA_T_6015645,-,bonafide,/Users/raunitchatterjee/Desktop/Datasets/ASVspoof2019/LA/LA/ASVspoof2019_LA_train/flac/LA_T_6015645.flac
train,LA_0082,LA_T_7734917,A04,spoof,/Users/raunitchatterjee/Desktop/Datasets/ASVspoof2019/LA/LA/ASVspoof2019_LA_train/flac/LA_T_7734917.flac
train,LA_0084,LA_T_9980842,A05,spoof,/Users/raunitchatterjee/Desktop/Datasets/ASVspoof2019/LA/LA/ASVspoof2019_LA_train/flac/LA_T_9980842.flac
train,LA_0080,LA_T_8866983,A03,spoof,/Users/raunitchatterjee/Desktop/Datasets/ASVspoof2019/LA/LA/ASVspoof2019_LA_train/flac/LA_T_8866983.flac
train,LA_0098,LA_T_7444772,A01,spoof,/Users/raunitchatterjee/Desktop/Datasets/ASVspoof2019/LA/LA/ASVspoof2019_LA_train/flac/LA_T_7444772.flac
train,LA_0086,LA_T_6341504,A06,spoof,/Users/raunitchatterjee/Desktop/Datasets/ASVspoof2019/LA/LA/ASVspoof2019_LA_train/flac/LA_T_6341504.flac
train,LA_0082,LA_T_6368114,A05,spoof,/Users/raunitchatterjee/Desktop/Datasets/ASVspoof2019/LA/LA/ASVspoof2019_LA_train/flac/LA_T_6368114.flac
train,LA_0085,LA_T_2826802,A02,spoof,/Users/raunitchatterjee/Desktop/Datasets/ASVspoof2019/LA/LA/ASVspoof2019_LA_train/flac/LA_T_2826802.flac
train,LA_0096,LA_T_1109955,A06,spoof,/Users/raunitchatterjee/Desktop/Datasets/ASVspoof2019/LA/LA/ASVspoof2019_LA_train/flac/LA_T_1109955.flac
train,LA_0090,LA_T_8057574,A06,spoof,/Users/raunitchatterjee/Desktop/Datasets/ASVspoof2019/LA/LA/ASVspoof2019_LA_train/flac/LA_T_8057574.flac
train,LA_0081,LA_T_8162147,-,bonafide,/Users/raunitchatterjee/Desktop/Datasets/ASVspoof2019/LA/LA/ASVspoof2019_LA_train/flac/LA_T_8162147.flac
train,LA_0090,LA_T_4722994,A05,spoof,/Users/raunitchatterjee/Desktop/Datasets/ASVspoof2019/LA/LA/ASVspoof2019_LA_train/flac/LA_T_4722994.flac
train,LA_0079,LA_T_6454597,A02,spoof,/Users/raunitchatterjee/Desktop/Datasets/ASVspoof2019/LA/LA/ASVspoof2019_LA_train/flac/LA_T_6454597.flac
train,LA_0095,LA_T_4840741,A02,spoof,/Users/raunitchatterjee/Desktop/Datasets/ASVspoof2019/LA/LA/ASVspoof2019_LA_train/flac/LA_T_4840741.flac
train,LA_0097,LA_T_8052314,A06,spoof,/Users/raunitchatterjee/Desktop/Datasets/ASVspoof2019/LA/LA/ASVspoof2019_LA_train/flac/LA_T_8052314.flac
train,LA_0080,LA_T_9392152,-,bonafide,/Users/raunitchatterjee/Desktop/Datasets/ASVspoof2019/LA/LA/ASVspoof2019_LA_train/flac/LA_T_9392152.flac
train,LA_0097,LA_T_3091203,A05,spoof,/Users/raunitchatterjee/Desktop/Datasets/ASVspoof2019/LA/LA/ASVspoof2019_LA_train/flac/LA_T_3091203.flac
train,LA_0085,LA_T_5941511,A03,spoof,/Users/raunitchatterjee/Desktop/Datasets/ASVspoof2019/LA/LA/ASVspoof2019_LA_train/flac/LA_T_5941511.flac
train,LA_0081,LA_T_7841903,A05,spoof,/Users/raunitchatterjee/Desktop/Datasets/ASVspoof2019/LA/LA/ASVspoof2019_LA_train/flac/LA_T_7841903.flac
train,LA_0082,LA_T_8484126,A06,spoof,/Users/raunitchatterjee/Desktop/Datasets/ASVspoof2019/LA/LA/ASVspoof2019_LA_train/flac/LA_T_8484126.flac
train,LA_0095,LA_T_6403375,A04,spoof,/Users/raunitchatterjee/Desktop/Datasets/ASVspoof2019/LA/LA/ASVspoof2019_LA_train/flac/LA_T_6403375.flac
train,LA_0090,LA_T_1743076,A02,spoof,/Users/raunitchatterjee/Desktop/Datasets/ASVspoof2019/LA/LA/ASVspoof2019_LA_train/flac/LA_T_1743076.flac
train,LA_0097,LA_T_4428688,A05,spoof,/Users/raunitchatterjee/Desktop/Datasets/ASVspoof2019/LA/LA/ASVspoof2019_LA_train/flac/LA_T_4428688.flac
train,LA_0091,LA_T_4605301,A06,spoof,/Users/raunitchatterjee/Desktop/Datasets/ASVspoof2019/LA/LA/ASVspoof2019_LA_train/flac/LA_T_4605301.flac
train,LA_0098,LA_T_7859651,A02,spoof,/Users/raunitchatterjee/Desktop/Datasets/ASVspoof2019/LA/LA/ASVspoof2019_LA_train/flac/LA_T_7859651.flac
train,LA_0095,LA_T_1204990,A03,spoof,/Users/raunitchatterjee/Desktop/Datasets/ASVspoof2019/LA/LA/ASVspoof2019_LA_train/flac/LA_T_1204990.flac
train,LA_0098,LA_T_1809517,A01,spoof,/Users/raunitchatterjee/Desktop/Datasets/ASVspoof2019/LA/LA/ASVspoof2019_LA_train/flac/LA_T_1809517.flac
train,LA_0095,LA_T_1435267,A03,spoof,/Users/raunitchatterjee/Desktop/Datasets/ASVspoof2019/LA/LA/ASVspoof2019_LA_train/flac/LA_T_1435267.flac
train,LA_0090,LA_T_5800661,A01,spoof,/Users/raunitchatterjee/Desktop/Datasets/ASVspoof2019/LA/LA/ASVspoof2019_LA_train/flac/LA_T_5800661.flac
train,LA_0080,LA_T_2748499,A06,spoof,/Users/raunitchatterjee/Desktop/Datasets/ASVspoof2019/LA/LA/ASVspoof2019_LA_train/flac/LA_T_2748499.flac
train,LA_0082,LA_T_3665819,A05,spoof,/Users/raunitchatterjee/Desktop/Datasets/ASVspoof2019/LA/LA/ASVspoof2019_LA_train/flac/LA_T_3665819.flac
train,LA_0080,LA_T_3988633,A01,spoof,/Users/raunitchatterjee/Desktop/Datasets/ASVspoof2019/LA/LA/ASVspoof2019_LA_train/flac/LA_T_3988633.flac
train,LA_0079,LA_T_6091893,A02,spoof,/Users/raunitchatterjee/Desktop/Datasets/ASVspoof2019/LA/LA/ASVspoof2019_LA_train/flac/LA_T_6091893.flac
train,LA_0086,LA_T_9785000,A03,spoof,/Users/raunitchatterjee/Desktop/Datasets/ASVspoof2019/LA/LA/ASVspoof2019_LA_train/flac/LA_T_9785000.flac
train,LA_0087,LA_T_7522727,A06,spoof,/Users/raunitchatterjee/Desktop/Datasets/ASVspoof2019/LA/LA/ASVspoof2019_LA_train/flac/LA_T_7522727.flac
train,LA_0092,LA_T_9213192,A02,spoof,/Users/raunitchatterjee/Desktop/Datasets/ASVspoof2019/LA/LA/ASVspoof2019_LA_train/flac/LA_T_9213192.flac
train,LA_0097,LA_T_4114877,A05,spoof,/Users/raunitchatterjee/Desktop/Datasets/ASVspoof2019/LA/LA/ASVspoof2019_LA_train/flac/LA_T_4114877.flac
train,LA_0080,LA_T_2880635,A03,spoof,/Users/raunitchatterjee/Desktop/Datasets/ASVspoof2019/LA/LA/ASVspoof2019_LA_train/flac/LA_T_2880635.flac
train,LA_0080,LA_T_7845695,A06,spoof,/Users/raunitchatterjee/Desktop/Datasets/ASVspoof2019/LA/LA/ASVspoof2019_LA_train/flac/LA_T_7845695.flac
train,LA_0085,LA_T_2429873,A03,spoof,/Users/raunitchatterjee/Desktop/Datasets/ASVspoof2019/LA/LA/ASVspoof2019_LA_train/flac/LA_T_2429873.flac
train,LA_0096,LA_T_1682851,A05,spoof,/Users/raunitchatterjee/Desktop/Datasets/ASVspoof2019/LA/LA/ASVspoof2019_LA_train/flac/LA_T_1682851.flac
train,LA_0096,LA_T_5542382,A05,spoof,/Users/raunitchatterjee/Desktop/Datasets/ASVspoof2019/LA/LA/ASVspoof2019_LA_train/flac/LA_T_5542382.flac
train,LA_0096,LA_T_7669111,A05,spoof,/Users/raunitchatterjee/Desktop/Datasets/ASVspoof2019/LA/LA/ASVspoof2019_LA_train/flac/LA_T_7669111.flac
train,LA_0093,LA_T_1440170,A03,spoof,/Users/raunitchatterjee/Desktop/Datasets/ASVspoof2019/LA/LA/ASVspoof2019_LA_train/flac/LA_T_1440170.flac
train,LA_0086,LA_T_3546161,A01,spoof,/Users/raunitchatterjee/Desktop/Datasets/ASVspoof2019/LA/LA/ASVspoof2019_LA_train/flac/LA_T_3546161.flac
train,LA_0083,LA_T_7231487,A03,spoof,/Users/raunitchatterjee/Desktop/Datasets/ASVspoof2019/LA/LA/ASVspoof2019_LA_train/flac/LA_T_7231487.flac
train,LA_0083,LA_T_1637888,A03,spoof,/Users/raunitchatterjee/Desktop/Datasets/ASVspoof2019/LA/LA/ASVspoof2019_LA_train/flac/LA_T_1637888.flac
train,LA_0098,LA_T_5336219,-,bonafide,/Users/raunitchatterjee/Desktop/Datasets/ASVspoof2019/LA/LA/ASVspoof2019_LA_train/flac/LA_T_5336219.flac
train,LA_0079,LA_T_6137806,A02,spoof,/Users/raunitchatterjee/Desktop/Datasets/ASVspoof2019/LA/LA/ASVspoof2019_LA_train/flac/LA_T_6137806.flac
train,LA_0080,LA_T_8429752,A02,spoof,/Users/raunitchatterjee/Desktop/Datasets/ASVspoof2019/LA/LA/ASVspoof2019_LA_train/flac/LA_T_8429752.flac
train,LA_0083,LA_T_5324810,A05,spoof,/Users/raunitchatterjee/Desktop/Datasets/ASVspoof2019/LA/LA/ASVspoof2019_LA_train/flac/LA_T_5324810.flac
train,LA_0086,LA_T_5466937,A01,spoof,/Users/raunitchatterjee/Desktop/Datasets/ASVspoof2019/LA/LA/ASVspoof2019_LA_train/flac/LA_T_5466937.flac
train,LA_0082,LA_T_5111140,A01,spoof,/Users/raunitchatterjee/Desktop/Datasets/ASVspoof2019/LA/LA/ASVspoof2019_LA_train/flac/LA_T_5111140.flac
train,LA_0092,LA_T_3028230,A01,spoof,/Users/raunitchatterjee/Desktop/Datasets/ASVspoof2019/LA/LA/ASVspoof2019_LA_train/flac/LA_T_3028230.flac
train,LA_0096,LA_T_7398970,A02,spoof,/Users/raunitchatterjee/Desktop/Datasets/ASVspoof2019/LA/LA/ASVspoof2019_LA_train/flac/LA_T_7398970.flac
train,LA_0086,LA_T_7770182,A05,spoof,/Users/raunitchatterjee/Desktop/Datasets/ASVspoof2019/LA/LA/ASVspoof2019_LA_train/flac/LA_T_7770182.flac
train,LA_0096,LA_T_4564704,A01,spoof,/Users/raunitchatterjee/Desktop/Datasets/ASVspoof2019/LA/LA/ASVspoof2019_LA_train/flac/LA_T_4564704.flac
train,LA_0096,LA_T_2713033,A02,spoof,/Users/raunitchatterjee/Desktop/Datasets/ASVspoof2019/LA/LA/ASVspoof2019_LA_train/flac/LA_T_2713033.flac
train,LA_0090,LA_T_5398572,A03,spoof,/Users/raunitchatterjee/Desktop/Datasets/ASVspoof2019/LA/LA/ASVspoof2019_LA_train/flac/LA_T_5398572.flac
train,LA_0098,LA_T_2157584,A02,spoof,/Users/raunitchatterjee/Desktop/Datasets/ASVspoof2019/LA/LA/ASVspoof2019_LA_train/flac/LA_T_2157584.flac
train,LA_0096,LA_T_7766862,A01,spoof,/Users/raunitchatterjee/Desktop/Datasets/ASVspoof2019/LA/LA/ASVspoof2019_LA_train/flac/LA_T_7766862.flac
train,LA_0097,LA_T_3987993,A06,spoof,/Users/raunitchatterjee/Desktop/Datasets/ASVspoof2019/LA/LA/ASVspoof2019_LA_train/flac/LA_T_3987993.flac
train,LA_0089,LA_T_8002890,A03,spoof,/Users/raunitchatterjee/Desktop/Datasets/ASVspoof2019/LA/LA/ASVspoof2019_LA_train/flac/LA_T_8002890.flac
train,LA_0091,LA_T_7291353,A05,spoof,/Users/raunitchatterjee/Desktop/Datasets/ASVspoof2019/LA/LA/ASVspoof2019_LA_train/flac/LA_T_7291353.flac
train,LA_0091,LA_T_8621694,A01,spoof,/Users/raunitchatterjee/Desktop/Datasets/ASVspoof2019/LA/LA/ASVspoof2019_LA_train/flac/LA_T_8621694.flac
train,LA_0082,LA_T_5322196,A04,spoof,/Users/raunitchatterjee/Desktop/Datasets/ASVspoof2019/LA/LA/ASVspoof2019_LA_train/flac/LA_T_5322196.flac
train,LA_0089,LA_T_2841992,A04,spoof,/Users/raunitchatterjee/Desktop/Datasets/ASVspoof2019/LA/LA/ASVspoof2019_LA_train/flac/LA_T_2841992.flac
train,LA_0082,LA_T_8514496,A02,spoof,/Users/raunitchatterjee/Desktop/Datasets/ASVspoof2019/LA/LA/ASVspoof2019_LA_train/flac/LA_T_8514496.flac
train,LA_0094,LA_T_6810923,A05,spoof,/Users/raunitchatterjee/Desktop/Datasets/ASVspoof2019/LA/LA/ASVspoof2019_LA_train/flac/LA_T_6810923.flac
train,LA_0090,LA_T_7917209,A06,spoof,/Users/raunitchatterjee/Desktop/Datasets/ASVspoof2019/LA/LA/ASVspoof2019_LA_train/flac/LA_T_7917209.flac
train,LA_0090,LA_T_4664105,-,bonafide,/Users/raunitchatterjee/Desktop/Datasets/ASVspoof2019/LA/LA/ASVspoof2019_LA_train/flac/LA_T_4664105.flac
train,LA_0082,LA_T_2362522,A06,spoof,/Users/raunitchatterjee/Desktop/Datasets/ASVspoof2019/LA/LA/ASVspoof2019_LA_train/flac/LA_T_2362522.flac
train,LA_0092,LA_T_9132809,A02,spoof,/Users/raunitchatterjee/Desktop/Datasets/ASVspoof2019/LA/LA/ASVspoof2019_LA_train/flac/LA_T_9132809.flac
train,LA_0098,LA_T_1396087,A01,spoof,/Users/raunitchatterjee/Desktop/Datasets/ASVspoof2019/LA/LA/ASVspoof2019_LA_train/flac/LA_T_1396087.flac
train,LA_0097,LA_T_8659968,A01,spoof,/Users/raunitchatterjee/Desktop/Datasets/ASVspoof2019/LA/LA/ASVspoof2019_LA_train/flac/LA_T_8659968.flac
train,LA_0079,LA_T_3260748,A01,spoof,/Users/raunitchatterjee/Desktop/Datasets/ASVspoof2019/LA/LA/ASVspoof2019_LA_train/flac/LA_T_3260748.flac
train,LA_0098,LA_T_8507920,-,bonafide,/Users/raunitchatterjee/Desktop/Datasets/ASVspoof2019/LA/LA/ASVspoof2019_LA_train/flac/LA_T_8507920.flac
train,LA_0093,LA_T_3620904,A04,spoof,/Users/raunitchatterjee/Desktop/Datasets/ASVspoof2019/LA/LA/ASVspoof2019_LA_train/flac/LA_T_3620904.flac
train,LA_0082,LA_T_3785674,A02,spoof,/Users/raunitchatterjee/Desktop/Datasets/ASVspoof2019/LA/LA/ASVspoof2019_LA_train/flac/LA_T_3785674.flac
train,LA_0087,LA_T_2834141,A04,spoof,/Users/raunitchatterjee/Desktop/Datasets/ASVspoof2019/LA/LA/ASVspoof2019_LA_train/flac/LA_T_2834141.flac
train,LA_0090,LA_T_3870339,A06,spoof,/Users/raunitchatterjee/Desktop/Datasets/ASVspoof2019/LA/LA/ASVspoof2019_LA_train/flac/LA_T_3870339.flac
train,LA_0087,LA_T_1763647,A04,spoof,/Users/raunitchatterjee/Desktop/Datasets/ASVspoof2019/LA/LA/ASVspoof2019_LA_train/flac/LA_T_1763647.flac
train,LA_0085,LA_T_1383116,A03,spoof,/Users/raunitchatterjee/Desktop/Datasets/ASVspoof2019/LA/LA/ASVspoof2019_LA_train/flac/LA_T_1383116.flac
train,LA_0092,LA_T_2068127,A03,spoof,/Users/raunitchatterjee/Desktop/Datasets/ASVspoof2019/LA/LA/ASVspoof2019_LA_train/flac/LA_T_2068127.flac
train,LA_0082,LA_T_6448084,A05,spoof,/Users/raunitchatterjee/Desktop/Datasets/ASVspoof2019/LA/LA/ASVspoof2019_LA_train/flac/LA_T_6448084.flac
train,LA_0083,LA_T_6859845,A05,spoof,/Users/raunitchatterjee/Desktop/Datasets/ASVspoof2019/LA/LA/ASVspoof2019_LA_train/flac/LA_T_6859845.flac
train,LA_0087,LA_T_6702707,A04,spoof,/Users/raunitchatterjee/Desktop/Datasets/ASVspoof2019/LA/LA/ASVspoof2019_LA_train/flac/LA_T_6702707.flac
train,LA_0083,LA_T_1197695,-,bonafide,/Users/raunitchatterjee/Desktop/Datasets/ASVspoof2019/LA/LA/ASVspoof2019_LA_train/flac/LA_T_1197695.flac
train,LA_0081,LA_T_3357172,A04,spoof,/Users/raunitchatterjee/Desktop/Datasets/ASVspoof2019/LA/LA/ASVspoof2019_LA_train/flac/LA_T_3357172.flac
train,LA_0089,LA_T_7694445,A05,spoof,/Users/raunitchatterjee/Desktop/Datasets/ASVspoof2019/LA/LA/ASVspoof2019_LA_train/flac/LA_T_7694445.flac
train,LA_0096,LA_T_1380103,A01,spoof,/Users/raunitchatterjee/Desktop/Datasets/ASVspoof2019/LA/LA/ASVspoof2019_LA_train/flac/LA_T_1380103.flac
train,LA_0080,LA_T_3889391,A02,spoof,/Users/raunitchatterjee/Desktop/Datasets/ASVspoof2019/LA/LA/ASVspoof2019_LA_train/flac/LA_T_3889391.flac
train,LA_0098,LA_T_3397150,A02,spoof,/Users/raunitchatterjee/Desktop/Datasets/ASVspoof2019/LA/LA/ASVspoof2019_LA_train/flac/LA_T_3397150.flac
train,LA_0081,LA_T_4981278,A05,spoof,/Users/raunitchatterjee/Desktop/Datasets/ASVspoof2019/LA/LA/ASVspoof2019_LA_train/flac/LA_T_4981278.flac
train,LA_0095,LA_T_5246404,A06,spoof,/Users/raunitchatterjee/Desktop/Datasets/ASVspoof2019/LA/LA/ASVspoof2019_LA_train/flac/LA_T_5246404.flac
train,LA_0087,LA_T_5957344,A03,spoof,/Users/raunitchatterjee/Desktop/Datasets/ASVspoof2019/LA/LA/ASVspoof2019_LA_train/flac/LA_T_5957344.flac
train,LA_0085,LA_T_8257452,A04,spoof,/Users/raunitchatterjee/Desktop/Datasets/ASVspoof2019/LA/LA/ASVspoof2019_LA_train/flac/LA_T_8257452.flac
train,LA_0092,LA_T_2092774,A02,spoof,/Users/raunitchatterjee/Desktop/Datasets/ASVspoof2019/LA/LA/ASVspoof2019_LA_train/flac/LA_T_2092774.flac
train,LA_0088,LA_T_8406516,A04,spoof,/Users/raunitchatterjee/Desktop/Datasets/ASVspoof2019/LA/LA/ASVspoof2019_LA_train/flac/LA_T_8406516.flac
train,LA_0083,LA_T_2864616,A06,spoof,/Users/raunitchatterjee/Desktop/Datasets/ASVspoof2019/LA/LA/ASVspoof2019_LA_train/flac/LA_T_2864616.flac
train,LA_0081,LA_T_7474659,A01,spoof,/Users/raunitchatterjee/Desktop/Datasets/ASVspoof2019/LA/LA/ASVspoof2019_LA_train/flac/LA_T_7474659.flac
train,LA_0079,LA_T_1568742,A02,spoof,/Users/raunitchatterjee/Desktop/Datasets/ASVspoof2019/LA/LA/ASVspoof2019_LA_train/flac/LA_T_1568742.flac
train,LA_0091,LA_T_4793110,A05,spoof,/Users/raunitchatterjee/Desktop/Datasets/ASVspoof2019/LA/LA/ASVspoof2019_LA_train/flac/LA_T_4793110.flac
train,LA_0096,LA_T_2167896,A02,spoof,/Users/raunitchatterjee/Desktop/Datasets/ASVspoof2019/LA/LA/ASVspoof2019_LA_train/flac/LA_T_2167896.flac
train,LA_0088,LA_T_7871267,A06,spoof,/Users/raunitchatterjee/Desktop/Datasets/ASVspoof2019/LA/LA/ASVspoof2019_LA_train/flac/LA_T_7871267.flac
train,LA_0087,LA_T_7676105,A02,spoof,/Users/raunitchatterjee/Desktop/Datasets/ASVspoof2019/LA/LA/ASVspoof2019_LA_train/flac/LA_T_7676105.flac
train,LA_0088,LA_T_3846998,A06,spoof,/Users/raunitchatterjee/Desktop/Datasets/ASVspoof2019/LA/LA/ASVspoof2019_LA_train/flac/LA_T_3846998.flac
train,LA_0079,LA_T_2577658,A05,spoof,/Users/raunitchatterjee/Desktop/Datasets/ASVspoof2019/LA/LA/ASVspoof2019_LA_train/flac/LA_T_2577658.flac
train,LA_0082,LA_T_6146684,A04,spoof,/Users/raunitchatterjee/Desktop/Datasets/ASVspoof2019/LA/LA/ASVspoof2019_LA_train/flac/LA_T_6146684.flac
train,LA_0083,LA_T_3117464,A05,spoof,/Users/raunitchatterjee/Desktop/Datasets/ASVspoof2019/LA/LA/ASVspoof2019_LA_train/flac/LA_T_3117464.flac
train,LA_0097,LA_T_6205511,A01,spoof,/Users/raunitchatterjee/Desktop/Datasets/ASVspoof2019/LA/LA/ASVspoof2019_LA_train/flac/LA_T_6205511.flac
train,LA_0080,LA_T_8730557,A05,spoof,/Users/raunitchatterjee/Desktop/Datasets/ASVspoof2019/LA/LA/ASVspoof2019_LA_train/flac/LA_T_8730557.flac
train,LA_0080,LA_T_7106075,A01,spoof,/Users/raunitchatterjee/Desktop/Datasets/ASVspoof2019/LA/LA/ASVspoof2019_LA_train/flac/LA_T_7106075.flac
train,LA_0092,LA_T_8811212,A04,spoof,/Users/raunitchatterjee/Desktop/Datasets/ASVspoof2019/LA/LA/ASVspoof2019_LA_train/flac/LA_T_8811212.flac
train,LA_0081,LA_T_5451243,A02,spoof,/Users/raunitchatterjee/Desktop/Datasets/ASVspoof2019/LA/LA/ASVspoof2019_LA_train/flac/LA_T_5451243.flac
train,LA_0093,LA_T_4737836,A06,spoof,/Users/raunitchatterjee/Desktop/Datasets/ASVspoof2019/LA/LA/ASVspoof2019_LA_train/flac/LA_T_4737836.flac
train,LA_0084,LA_T_5607993,A01,spoof,/Users/raunitchatterjee/Desktop/Datasets/ASVspoof2019/LA/LA/ASVspoof2019_LA_train/flac/LA_T_5607993.flac
train,LA_0084,LA_T_6579305,A01,spoof,/Users/raunitchatterjee/Desktop/Datasets/ASVspoof2019/LA/LA/ASVspoof2019_LA_train/flac/LA_T_6579305.flac
train,LA_0079,LA_T_4410915,A04,spoof,/Users/raunitchatterjee/Desktop/Datasets/ASVspoof2019/LA/LA/ASVspoof2019_LA_train/flac/LA_T_4410915.flac
train,LA_0093,LA_T_1536601,A02,spoof,/Users/raunitchatterjee/Desktop/Datasets/ASVspoof2019/LA/LA/ASVspoof2019_LA_train/flac/LA_T_1536601.flac
train,LA_0079,LA_T_4237787,-,bonafide,/Users/raunitchatterjee/Desktop/Datasets/ASVspoof2019/LA/LA/ASVspoof2019_LA_train/flac/LA_T_4237787.flac
train,LA_0090,LA_T_1943407,A04,spoof,/Users/raunitchatterjee/Desktop/Datasets/ASVspoof2019/LA/LA/ASVspoof2019_LA_train/flac/LA_T_1943407.flac
train,LA_0097,LA_T_1213260,A01,spoof,/Users/raunitchatterjee/Desktop/Datasets/ASVspoof2019/LA/LA/ASVspoof2019_LA_train/flac/LA_T_1213260.flac
train,LA_0081,LA_T_4498111,A01,spoof,/Users/raunitchatterjee/Desktop/Datasets/ASVspoof2019/LA/LA/ASVspoof2019_LA_train/flac/LA_T_4498111.flac
train,LA_0096,LA_T_5313554,A01,spoof,/Users/raunitchatterjee/Desktop/Datasets/ASVspoof2019/LA/LA/ASVspoof2019_LA_train/flac/LA_T_5313554.flac
train,LA_0094,LA_T_1468959,A04,spoof,/Users/raunitchatterjee/Desktop/Datasets/ASVspoof2019/LA/LA/ASVspoof2019_LA_train/flac/LA_T_1468959.flac
train,LA_0088,LA_T_1350153,A04,spoof,/Users/raunitchatterjee/Desktop/Datasets/ASVspoof2019/LA/LA/ASVspoof2019_LA_train/flac/LA_T_1350153.flac
train,LA_0098,LA_T_2338328,A05,spoof,/Users/raunitchatterjee/Desktop/Datasets/ASVspoof2019/LA/LA/ASVspoof2019_LA_train/flac/LA_T_2338328.flac
train,LA_0089,LA_T_3339889,A06,spoof,/Users/raunitchatterjee/Desktop/Datasets/ASVspoof2019/LA/LA/ASVspoof2019_LA_train/flac/LA_T_3339889.flac
train,LA_0092,LA_T_7466998,-,bonafide,/Users/raunitchatterjee/Desktop/Datasets/ASVspoof2019/LA/LA/ASVspoof2019_LA_train/flac/LA_T_7466998.flac
train,LA_0096,LA_T_4268841,A05,spoof,/Users/raunitchatterjee/Desktop/Datasets/ASVspoof2019/LA/LA/ASVspoof2019_LA_train/flac/LA_T_4268841.flac
train,LA_0094,LA_T_6049225,A06,spoof,/Users/raunitchatterjee/Desktop/Datasets/ASVspoof2019/LA/LA/ASVspoof2019_LA_train/flac/LA_T_6049225.flac
train,LA_0087,LA_T_1764635,A01,spoof,/Users/raunitchatterjee/Desktop/Datasets/ASVspoof2019/LA/LA/ASVspoof2019_LA_train/flac/LA_T_1764635.flac
train,LA_0080,LA_T_4461872,A04,spoof,/Users/raunitchatterjee/Desktop/Datasets/ASVspoof2019/LA/LA/ASVspoof2019_LA_train/flac/LA_T_4461872.flac
train,LA_0092,LA_T_1654106,-,bonafide,/Users/raunitchatterjee/Desktop/Datasets/ASVspoof2019/LA/LA/ASVspoof2019_LA_train/flac/LA_T_1654106.flac
train,LA_0079,LA_T_6394093,A02,spoof,/Users/raunitchatterjee/Desktop/Datasets/ASVspoof2019/LA/LA/ASVspoof2019_LA_train/flac/LA_T_6394093.flac
train,LA_0096,LA_T_8675839,A03,spoof,/Users/raunitchatterjee/Desktop/Datasets/ASVspoof2019/LA/LA/ASVspoof2019_LA_train/flac/LA_T_8675839.flac
train,LA_0084,LA_T_7338555,A05,spoof,/Users/raunitchatterjee/Desktop/Datasets/ASVspoof2019/LA/LA/ASVspoof2019_LA_train/flac/LA_T_7338555.flac
train,LA_0090,LA_T_4341784,A06,spoof,/Users/raunitchatterjee/Desktop/Datasets/ASVspoof2019/LA/LA/ASVspoof2019_LA_train/flac/LA_T_4341784.flac
train,LA_0084,LA_T_5015809,A06,spoof,/Users/raunitchatterjee/Desktop/Datasets/ASVspoof2019/LA/LA/ASVspoof2019_LA_train/flac/LA_T_5015809.flac
train,LA_0098,LA_T_2849785,A01,spoof,/Users/raunitchatterjee/Desktop/Datasets/ASVspoof2019/LA/LA/ASVspoof2019_LA_train/flac/LA_T_2849785.flac
train,LA_0098,LA_T_7535571,A02,spoof,/Users/raunitchatterjee/Desktop/Datasets/ASVspoof2019/LA/LA/ASVspoof2019_LA_train/flac/LA_T_7535571.flac
train,LA_0087,LA_T_1475460,A06,spoof,/Users/raunitchatterjee/Desktop/Datasets/ASVspoof2019/LA/LA/ASVspoof2019_LA_train/flac/LA_T_1475460.flac
train,LA_0091,LA_T_5265204,-,bonafide,/Users/raunitchatterjee/Desktop/Datasets/ASVspoof2019/LA/LA/ASVspoof2019_LA_train/flac/LA_T_5265204.flac
train,LA_0081,LA_T_3477694,-,bonafide,/Users/raunitchatterjee/Desktop/Datasets/ASVspoof2019/LA/LA/ASVspoof2019_LA_train/flac/LA_T_3477694.flac
train,LA_0090,LA_T_8764937,A02,spoof,/Users/raunitchatterjee/Desktop/Datasets/ASVspoof2019/LA/LA/ASVspoof2019_LA_train/flac/LA_T_8764937.flac
train,LA_0081,LA_T_4465139,A05,spoof,/Users/raunitchatterjee/Desktop/Datasets/ASVspoof2019/LA/LA/ASVspoof2019_LA_train/flac/LA_T_4465139.flac
train,LA_0079,LA_T_3346004,-,bonafide,/Users/raunitchatterjee/Desktop/Datasets/ASVspoof2019/LA/LA/ASVspoof2019_LA_train/flac/LA_T_3346004.flac
train,LA_0088,LA_T_8486002,A03,spoof,/Users/raunitchatterjee/Desktop/Datasets/ASVspoof2019/LA/LA/ASVspoof2019_LA_train/flac/LA_T_8486002.flac
train,LA_0084,LA_T_5919241,A05,spoof,/Users/raunitchatterjee/Desktop/Datasets/ASVspoof2019/LA/LA/ASVspoof2019_LA_train/flac/LA_T_5919241.flac
train,LA_0090,LA_T_4413613,A04,spoof,/Users/raunitchatterjee/Desktop/Datasets/ASVspoof2019/LA/LA/ASVspoof2019_LA_train/flac/LA_T_4413613.flac
train,LA_0089,LA_T_8904960,A05,spoof,/Users/raunitchatterjee/Desktop/Datasets/ASVspoof2019/LA/LA/ASVspoof2019_LA_train/flac/LA_T_8904960.flac
train,LA_0091,LA_T_3671554,A06,spoof,/Users/raunitchatterjee/Desktop/Datasets/ASVspoof2019/LA/LA/ASVspoof2019_LA_train/flac/LA_T_3671554.flac
train,LA_0080,LA_T_5266787,-,bonafide,/Users/raunitchatterjee/Desktop/Datasets/ASVspoof2019/LA/LA/ASVspoof2019_LA_train/flac/LA_T_5266787.flac
train,LA_0086,LA_T_1904946,A04,spoof,/Users/raunitchatterjee/Desktop/Datasets/ASVspoof2019/LA/LA/ASVspoof2019_LA_train/flac/LA_T_1904946.flac
train,LA_0094,LA_T_5510836,A06,spoof,/Users/raunitchatterjee/Desktop/Datasets/ASVspoof2019/LA/LA/ASVspoof2019_LA_train/flac/LA_T_5510836.flac
train,LA_0089,LA_T_1618529,A06,spoof,/Users/raunitchatterjee/Desktop/Datasets/ASVspoof2019/LA/LA/ASVspoof2019_LA_train/flac/LA_T_1618529.flac
train,LA_0084,LA_T_1100207,A04,spoof,/Users/raunitchatterjee/Desktop/Datasets/ASVspoof2019/LA/LA/ASVspoof2019_LA_train/flac/LA_T_1100207.flac
train,LA_0092,LA_T_1683029,A06,spoof,/Users/raunitchatterjee/Desktop/Datasets/ASVspoof2019/LA/LA/ASVspoof2019_LA_train/flac/LA_T_1683029.flac
train,LA_0082,LA_T_9983805,-,bonafide,/Users/raunitchatterjee/Desktop/Datasets/ASVspoof2019/LA/LA/ASVspoof2019_LA_train/flac/LA_T_9983805.flac
train,LA_0079,LA_T_5038314,A03,spoof,/Users/raunitchatterjee/Desktop/Datasets/ASVspoof2019/LA/LA/ASVspoof2019_LA_train/flac/LA_T_5038314.flac
train,LA_0096,LA_T_6886874,A03,spoof,/Users/raunitchatterjee/Desktop/Datasets/ASVspoof2019/LA/LA/ASVspoof2019_LA_train/flac/LA_T_6886874.flac
train,LA_0080,LA_T_7743204,A05,spoof,/Users/raunitchatterjee/Desktop/Datasets/ASVspoof2019/LA/LA/ASVspoof2019_LA_train/flac/LA_T_7743204.flac
train,LA_0097,LA_T_7080836,A03,spoof,/Users/raunitchatterjee/Desktop/Datasets/ASVspoof2019/LA/LA/ASVspoof2019_LA_train/flac/LA_T_7080836.flac
train,LA_0098,LA_T_9119732,A03,spoof,/Users/raunitchatterjee/Desktop/Datasets/ASVspoof2019/LA/LA/ASVspoof2019_LA_train/flac/LA_T_9119732.flac
train,LA_0084,LA_T_4296255,A06,spoof,/Users/raunitchatterjee/Desktop/Datasets/ASVspoof2019/LA/LA/ASVspoof2019_LA_train/flac/LA_T_4296255.flac
train,LA_0090,LA_T_8321337,-,bonafide,/Users/raunitchatterjee/Desktop/Datasets/ASVspoof2019/LA/LA/ASVspoof2019_LA_train/flac/LA_T_8321337.flac
train,LA_0089,LA_T_1198917,A03,spoof,/Users/raunitchatterjee/Desktop/Datasets/ASVspoof2019/LA/LA/ASVspoof2019_LA_train/flac/LA_T_1198917.flac
train,LA_0090,LA_T_7805521,A01,spoof,/Users/raunitchatterjee/Desktop/Datasets/ASVspoof2019/LA/LA/ASVspoof2019_LA_train/flac/LA_T_7805521.flac
train,LA_0096,LA_T_2404728,A06,spoof,/Users/raunitchatterjee/Desktop/Datasets/ASVspoof2019/LA/LA/ASVspoof2019_LA_train/flac/LA_T_2404728.flac
train,LA_0083,LA_T_3955687,A04,spoof,/Users/raunitchatterjee/Desktop/Datasets/ASVspoof2019/LA/LA/ASVspoof2019_LA_train/flac/LA_T_3955687.flac
train,LA_0095,LA_T_6990399,A03,spoof,/Users/raunitchatterjee/Desktop/Datasets/ASVspoof2019/LA/LA/ASVspoof2019_LA_train/flac/LA_T_6990399.flac
train,LA_0084,LA_T_8729835,A01,spoof,/Users/raunitchatterjee/Desktop/Datasets/ASVspoof2019/LA/LA/ASVspoof2019_LA_train/flac/LA_T_8729835.flac
train,LA_0086,LA_T_3781562,A01,spoof,/Users/raunitchatterjee/Desktop/Datasets/ASVspoof2019/LA/LA/ASVspoof2019_LA_train/flac/LA_T_3781562.flac
train,LA_0097,LA_T_7941424,A02,spoof,/Users/raunitchatterjee/Desktop/Datasets/ASVspoof2019/LA/LA/ASVspoof2019_LA_train/flac/LA_T_7941424.flac
train,LA_0091,LA_T_9345083,A04,spoof,/Users/raunitchatterjee/Desktop/Datasets/ASVspoof2019/LA/LA/ASVspoof2019_LA_train/flac/LA_T_9345083.flac
train,LA_0086,LA_T_3279226,A01,spoof,/Users/raunitchatterjee/Desktop/Datasets/ASVspoof2019/LA/LA/ASVspoof2019_LA_train/flac/LA_T_3279226.flac
train,LA_0098,LA_T_7860733,A02,spoof,/Users/raunitchatterjee/Desktop/Datasets/ASVspoof2019/LA/LA/ASVspoof2019_LA_train/flac/LA_T_7860733.flac
train,LA_0087,LA_T_2789904,A03,spoof,/Users/raunitchatterjee/Desktop/Datasets/ASVspoof2019/LA/LA/ASVspoof2019_LA_train/flac/LA_T_2789904.flac
train,LA_0087,LA_T_1006969,A04,spoof,/Users/raunitchatterjee/Desktop/Datasets/ASVspoof2019/LA/LA/ASVspoof2019_LA_train/flac/LA_T_1006969.flac
train,LA_0086,LA_T_5378843,A03,spoof,/Users/raunitchatterjee/Desktop/Datasets/ASVspoof2019/LA/LA/ASVspoof2019_LA_train/flac/LA_T_5378843.flac
train,LA_0096,LA_T_7094304,A02,spoof,/Users/raunitchatterjee/Desktop/Datasets/ASVspoof2019/LA/LA/ASVspoof2019_LA_train/flac/LA_T_7094304.flac
train,LA_0080,LA_T_8035781,-,bonafide,/Users/raunitchatterjee/Desktop/Datasets/ASVspoof2019/LA/LA/ASVspoof2019_LA_train/flac/LA_T_8035781.flac
train,LA_0087,LA_T_7371130,A02,spoof,/Users/raunitchatterjee/Desktop/Datasets/ASVspoof2019/LA/LA/ASVspoof2019_LA_train/flac/LA_T_7371130.flac
train,LA_0082,LA_T_9390369,-,bonafide,/Users/raunitchatterjee/Desktop/Datasets/ASVspoof2019/LA/LA/ASVspoof2019_LA_train/flac/LA_T_9390369.flac
train,LA_0097,LA_T_3813564,A04,spoof,/Users/raunitchatterjee/Desktop/Datasets/ASVspoof2019/LA/LA/ASVspoof2019_LA_train/flac/LA_T_3813564.flac
train,LA_0090,LA_T_4894239,A04,spoof,/Users/raunitchatterjee/Desktop/Datasets/ASVspoof2019/LA/LA/ASVspoof2019_LA_train/flac/LA_T_4894239.flac
train,LA_0082,LA_T_3901350,A04,spoof,/Users/raunitchatterjee/Desktop/Datasets/ASVspoof2019/LA/LA/ASVspoof2019_LA_train/flac/LA_T_3901350.flac
train,LA_0093,LA_T_1429012,-,bonafide,/Users/raunitchatterjee/Desktop/Datasets/ASVspoof2019/LA/LA/ASVspoof2019_LA_train/flac/LA_T_1429012.flac
train,LA_0090,LA_T_3696749,A03,spoof,/Users/raunitchatterjee/Desktop/Datasets/ASVspoof2019/LA/LA/ASVspoof2019_LA_train/flac/LA_T_3696749.flac
train,LA_0095,LA_T_6275615,-,bonafide,/Users/raunitchatterjee/Desktop/Datasets/ASVspoof2019/LA/LA/ASVspoof2019_LA_train/flac/LA_T_6275615.flac
train,LA_0091,LA_T_9800707,A01,spoof,/Users/raunitchatterjee/Desktop/Datasets/ASVspoof2019/LA/LA/ASVspoof2019_LA_train/flac/LA_T_9800707.flac
train,LA_0083,LA_T_6909192,A03,spoof,/Users/raunitchatterjee/Desktop/Datasets/ASVspoof2019/LA/LA/ASVspoof2019_LA_train/flac/LA_T_6909192.flac
train,LA_0091,LA_T_1674369,A04,spoof,/Users/raunitchatterjee/Desktop/Datasets/ASVspoof2019/LA/LA/ASVspoof2019_LA_train/flac/LA_T_1674369.flac
train,LA_0097,LA_T_1262732,A02,spoof,/Users/raunitchatterjee/Desktop/Datasets/ASVspoof2019/LA/LA/ASVspoof2019_LA_train/flac/LA_T_1262732.flac
train,LA_0093,LA_T_5034921,A04,spoof,/Users/raunitchatterjee/Desktop/Datasets/ASVspoof2019/LA/LA/ASVspoof2019_LA_train/flac/LA_T_5034921.flac
train,LA_0087,LA_T_5252622,A03,spoof,/Users/raunitchatterjee/Desktop/Datasets/ASVspoof2019/LA/LA/ASVspoof2019_LA_train/flac/LA_T_5252622.flac
train,LA_0091,LA_T_6845393,A02,spoof,/Users/raunitchatterjee/Desktop/Datasets/ASVspoof2019/LA/LA/ASVspoof2019_LA_train/flac/LA_T_6845393.flac
train,LA_0088,LA_T_1032598,A02,spoof,/Users/raunitchatterjee/Desktop/Datasets/ASVspoof2019/LA/LA/ASVspoof2019_LA_train/flac/LA_T_1032598.flac
train,LA_0082,LA_T_2184251,A04,spoof,/Users/raunitchatterjee/Desktop/Datasets/ASVspoof2019/LA/LA/ASVspoof2019_LA_train/flac/LA_T_2184251.flac
train,LA_0092,LA_T_3300788,A02,spoof,/Users/raunitchatterjee/Desktop/Datasets/ASVspoof2019/LA/LA/ASVspoof2019_LA_train/flac/LA_T_3300788.flac
train,LA_0098,LA_T_3432921,A01,spoof,/Users/raunitchatterjee/Desktop/Datasets/ASVspoof2019/LA/LA/ASVspoof2019_LA_train/flac/LA_T_3432921.flac
train,LA_0098,LA_T_6622713,A03,spoof,/Users/raunitchatterjee/Desktop/Datasets/ASVspoof2019/LA/LA/ASVspoof2019_LA_train/flac/LA_T_6622713.flac
train,LA_0080,LA_T_3312498,A06,spoof,/Users/raunitchatterjee/Desktop/Datasets/ASVspoof2019/LA/LA/ASVspoof2019_LA_train/flac/LA_T_3312498.flac
train,LA_0092,LA_T_5224670,A03,spoof,/Users/raunitchatterjee/Desktop/Datasets/ASVspoof2019/LA/LA/ASVspoof2019_LA_train/flac/LA_T_5224670.flac
train,LA_0094,LA_T_4596799,A06,spoof,/Users/raunitchatterjee/Desktop/Datasets/ASVspoof2019/LA/LA/ASVspoof2019_LA_train/flac/LA_T_4596799.flac
train,LA_0090,LA_T_2217154,A01,spoof,/Users/raunitchatterjee/Desktop/Datasets/ASVspoof2019/LA/LA/ASVspoof2019_LA_train/flac/LA_T_2217154.flac
train,LA_0084,LA_T_7179939,A03,spoof,/Users/raunitchatterjee/Desktop/Datasets/ASVspoof2019/LA/LA/ASVspoof2019_LA_train/flac/LA_T_7179939.flac
train,LA_0088,LA_T_1874029,A05,spoof,/Users/raunitchatterjee/Desktop/Datasets/ASVspoof2019/LA/LA/ASVspoof2019_LA_train/flac/LA_T_1874029.flac
train,LA_0079,LA_T_3183382,A05,spoof,/Users/raunitchatterjee/Desktop/Datasets/ASVspoof2019/LA/LA/ASVspoof2019_LA_train/flac/LA_T_3183382.flac
train,LA_0088,LA_T_2994343,A01,spoof,/Users/raunitchatterjee/Desktop/Datasets/ASVspoof2019/LA/LA/ASVspoof2019_LA_train/flac/LA_T_2994343.flac
train,LA_0083,LA_T_3547895,A06,spoof,/Users/raunitchatterjee/Desktop/Datasets/ASVspoof2019/LA/LA/ASVspoof2019_LA_train/flac/LA_T_3547895.flac
train,LA_0091,LA_T_4170985,A04,spoof,/Users/raunitchatterjee/Desktop/Datasets/ASVspoof2019/LA/LA/ASVspoof2019_LA_train/flac/LA_T_4170985.flac
train,LA_0091,LA_T_2964450,A05,spoof,/Users/raunitchatterjee/Desktop/Datasets/ASVspoof2019/LA/LA/ASVspoof2019_LA_train/flac/LA_T_2964450.flac
train,LA_0092,LA_T_2122866,A02,spoof,/Users/raunitchatterjee/Desktop/Datasets/ASVspoof2019/LA/LA/ASVspoof2019_LA_train/flac/LA_T_2122866.flac
train,LA_0086,LA_T_7503409,A01,spoof,/Users/raunitchatterjee/Desktop/Datasets/ASVspoof2019/LA/LA/ASVspoof2019_LA_train/flac/LA_T_7503409.flac
train,LA_0098,LA_T_4360096,A04,spoof,/Users/raunitchatterjee/Desktop/Datasets/ASVspoof2019/LA/LA/ASVspoof2019_LA_train/flac/LA_T_4360096.flac
train,LA_0088,LA_T_8083328,A01,spoof,/Users/raunitchatterjee/Desktop/Datasets/ASVspoof2019/LA/LA/ASVspoof2019_LA_train/flac/LA_T_8083328.flac
train,LA_0083,LA_T_4778536,A01,spoof,/Users/raunitchatterjee/Desktop/Datasets/ASVspoof2019/LA/LA/ASVspoof2019_LA_train/flac/LA_T_4778536.flac
train,LA_0081,LA_T_4419272,A03,spoof,/Users/raunitchatterjee/Desktop/Datasets/ASVspoof2019/LA/LA/ASVspoof2019_LA_train/flac/LA_T_4419272.flac
train,LA_0082,LA_T_8293181,A04,spoof,/Users/raunitchatterjee/Desktop/Datasets/ASVspoof2019/LA/LA/ASVspoof2019_LA_train/flac/LA_T_8293181.flac
train,LA_0086,LA_T_9640438,A04,spoof,/Users/raunitchatterjee/Desktop/Datasets/ASVspoof2019/LA/LA/ASVspoof2019_LA_train/flac/LA_T_9640438.flac
train,LA_0089,LA_T_9940524,A05,spoof,/Users/raunitchatterjee/Desktop/Datasets/ASVspoof2019/LA/LA/ASVspoof2019_LA_train/flac/LA_T_9940524.flac
train,LA_0092,LA_T_2113421,A04,spoof,/Users/raunitchatterjee/Desktop/Datasets/ASVspoof2019/LA/LA/ASVspoof2019_LA_train/flac/LA_T_2113421.flac
train,LA_0094,LA_T_7888181,A03,spoof,/Users/raunitchatterjee/Desktop/Datasets/ASVspoof2019/LA/LA/ASVspoof2019_LA_train/flac/LA_T_7888181.flac
